date,strategy,sp500,sixty40
2018-08-01,1.0012916755095738,0.9983293640921984,0.998587575083596
2018-08-02,1.0113906487379434,1.0037678171542417,1.002002648897652
2018-08-03,1.010799040039478,1.0080688159813815,1.0054505111568912
2018-08-06,1.0165628400970341,1.0117655422461165,1.007928451796208
2018-08-07,1.01954017449584,1.0151068140621193,1.0092032188005402
2018-08-08,1.0195632423031076,1.0146802687238807,1.0089487800031536
2018-08-09,1.0207221649143159,1.0132939963745053,1.0086936272572735
2018-08-10,1.0156478980750536,1.00650481640784,1.0055140830017841
2018-08-13,1.011829464657527,1.0027369992535986,1.003482788624205
2018-08-14,1.02019576907486,1.0091351793267787,1.0069469122850245
2018-08-15,1.0075189045932669,1.0015995450182955,1.0030042862569726
2018-08-16,1.0141612535737727,1.00970390644443,1.0081000921426342
2018-08-17,1.0166605370830704,1.013258450929752,1.01045682220768
2018-08-20,1.0178145487922945,1.0154267230656986,1.0125514678419298
2018-08-21,1.025951414713037,1.0178082678705647,1.0136346231721198
2018-08-22,1.0291039611477502,1.01720399530816,1.0136159262388542
2018-08-23,1.026691377180739,1.0158532684039374,1.0125802923591367
2018-08-24,1.034021528721265,1.0219670849182916,1.0166926667404865
2018-08-27,1.0395264467022687,1.030035900899673,1.02097552329933
2018-08-28,1.0407212512144708,1.030533537127418,1.020505196250506
2018-08-29,1.047722276913621,1.0360786265241209,1.0237231366964878
2018-08-30,1.046406651177551,1.0318842640316408,1.021429013909761
2018-08-31,1.049210535058323,1.0319198094767936,1.0214117327143375
2018-09-04,1.041769822103875,1.0301425372339328,1.0199047912680645
2018-09-04,1.0340024102145604,1.0283683259814669,1.0184000730902834
2018-09-05,1.019573354465031,1.0256005564281307,1.0165634663487364
2018-09-06,1.0062941489022925,1.0225134288494866,1.0154179419602232
2018-09-07,1.0015241569169377,1.0205263122469483,1.0127804797280566
2018-09-10,1.0060808060471909,1.022300523499015,1.0142197942670017
2018-09-11,1.0155118365071736,1.025671524878421,1.0155369181092
2018-09-12,1.011824590629615,1.025919914453439,1.0159534193303212
2018-09-13,1.0247159382839952,1.0319877169358906,1.0198276050842487
2018-09-14,1.0246242743415759,1.0321651380614167,1.0191621770878774
2018-09-17,1.0029952180619341,1.0267005674046357,1.0159247394790802
2018-09-18,1.0155820982967778,1.0322715907362534,1.0183477711414555
2018-09-19,1.0135922473578813,1.0333716017127583,1.0182262289526849
2018-09-20,1.0331365764992042,1.0417458788230567,1.0237189693744144
2018-09-21,1.025130843918407,1.0407970306452987,1.0234703775894847
2018-09-24,1.0233289861920267,1.0373394700449325,1.0210421842195034
2018-09-25,1.0247280585677536,1.03637705626961,1.020279988345983
2018-09-26,1.0183694907642598,1.0332759452153935,1.0194170565515515
2018-09-27,1.0273787439176771,1.0361631865417604,1.0213965685494772
2018-09-28,1.0289206752824178,1.036270121405685,1.021034354060524
2018-11-01,1.0288475251725566,1.0472979377954996,1.0275785190559188
2018-11-02,1.0275879916359643,1.0410947910764698,1.022705512509769
2018-11-05,1.0279403073021711,1.0468384454459418,1.0263660980255644
2018-11-06,1.0276726969246415,1.0534627934861136,1.030302415674729
2018-11-07,1.027281115235911,1.0760162096450017,1.0438932296031438
2018-11-08,1.0271375027325984,1.0740633671589526,1.0419951229047397
2018-11-09,1.0276137726696264,1.0635716251768126,1.0364089759650397
2018-11-12,1.0283379719534755,1.0436985810571542,1.0254664141703445
2018-11-13,1.0284422914244662,1.0417457385715339,1.0244724721766791
2018-11-14,1.0291664491385337,1.0346236071529602,1.0203093195180974
2018-11-15,1.0296426489827732,1.0454216773684244,1.0272069200071547
2018-11-16,1.0303667592349413,1.0481403404364982,1.0294781826000645
2018-11-19,1.03121480514542,1.0304115939483949,1.0189909854782773
2018-11-20,1.0309471901572551,1.0113426614404626,1.0075206426124896
2018-11-21,1.0309274973894758,1.0147888540625742,1.0098502177886055
2018-11-23,1.0306598964353189,1.008011341906169,1.0056877365604642
2018-11-26,1.03076416010966,1.0242850292870536,1.015352561036151
2018-11-27,1.0308684197600586,1.0277312219091652,1.0175186953536288
2018-11-28,1.0312205696835115,1.0513950779126748,1.0323536916818676
2018-11-29,1.031448762136776,1.0490976161648862,1.0311970810007016
2018-11-30,1.0318008886460692,1.0554922180298505,1.0348504240634655
2018-12-03,1.0309421701814048,1.0694684436633748,1.0437485971375302
2018-12-04,1.0316673779053418,1.034815062298466,1.0245720562226712
2018-12-06,1.0326408552978112,1.0332451301042866,1.0246534624134105
2018-12-07,1.0337384436169248,1.00923665483818,1.0109128768034237
2018-12-10,1.033718706543535,1.0111512062949561,1.0123318656068552
2018-12-11,1.0327058450497977,1.011380952469735,1.0125849664742248
2018-12-12,1.032561986148194,1.0164736593441428,1.0153373261591168
2018-12-13,1.0335353545356767,1.0161290400819747,1.01524627436084
2018-12-14,1.0341362880850309,0.9973664358073665,1.0041139372650034
2018-12-17,1.0351095935874561,0.9777997199206039,0.9929793652598976
2018-12-18,1.0356950244391574,0.9767275711048262,0.9934890227705249
2018-12-19,1.0359238628917746,0.9621003979766666,0.9849375785343373
2018-12-20,1.035779790209753,0.9464393670615732,0.9749460293120983
2018-12-21,1.0365058120144186,0.9271613655344549,0.9628466073056814
2018-12-24,1.0373561042480377,0.9026630427889586,0.9478367101195285
2018-12-26,1.0363419593029055,0.9482699832458727,0.9758540163125524
2018-12-27,1.037440803792224,0.9555501451936309,0.9809772101795047
2018-12-28,1.0389124766994842,0.9543175251813166,0.9816639796575021
2018-12-31,1.0392655175810321,0.9626762296401711,0.9878210304747969
2019-01-02,1.0393699771003078,0.96367773340023,0.9887344660560069
2019-01-03,1.0414629438463332,0.9406816662948221,0.9762109629079797
2019-01-04,1.039206051586206,0.9721905153603023,0.9946626262233946
2019-01-07,1.0384405644501338,0.9798558710619623,0.9986968996813275
2019-01-08,1.0377993785392448,0.9890620017792293,1.0040267396611613
2019-01-09,1.0382766668775956,0.9936843268256221,1.0071817093401918
2019-01-10,1.0383811278666502,0.9971895899858285,1.0088595789651402
2019-01-11,1.0389826557353068,0.9975747837397303,1.0096623057207739
2019-01-14,1.0389628354204545,0.9914887224287677,1.0053978654805666
2019-01-15,1.0393158043815003,1.0028519381673704,1.0123870343709145
2019-01-16,1.0390474575437405,1.005278658816909,1.0141993832796
2019-01-17,1.0389033779537877,1.0129054951430498,1.018511385509542
2019-01-18,1.0380137677666434,1.0263872765283266,1.0263389901421032
2019-01-22,1.0388637373548124,1.012520301389148,1.018366617296501
2019-01-23,1.0385954166581963,1.0146388670353934,1.020066067065353
2019-01-24,1.0394453438363844,1.0151781382909417,1.0210806590386499
2019-01-25,1.038680037805154,1.0237679590020514,1.026073178575877
2019-01-28,1.038784466317385,1.0159870451738353,1.0211632804929198
2019-01-29,1.0392616157629218,1.0146388670353934,1.0214229431501272
2019-01-30,1.04060842315044,1.0307014465714264,1.0320422035332157
2019-01-31,1.0414582354538133,1.0397534997870468,1.0387134798155653
2019-02-01,1.0402235234468662,1.040254251667076,1.0381566115663934
2019-02-04,1.0402036834357011,1.0475729329903527,1.0421895813307327
2019-02-05,1.0401838437394568,1.0519641417840617,1.0457078613950817
2019-02-06,1.040661819072665,1.0505774442705296,1.0446464806822464
2019-02-07,1.0413886799379417,1.0405624066699404,1.0388665514744
2019-02-08,1.041742168234404,1.0418335460577732,1.0405591890331953
2019-02-11,1.041348964432485,1.0424113366884116,1.0404789012207052
2019-02-12,1.0412046623697198,1.055816079322651,1.0485844628267895
2019-02-13,1.040438155897412,1.059244303732248,1.0498842560205757
2019-02-14,1.0417871463176551,1.0568946218337472,1.0491145209256194
2019-02-15,1.041269533207765,1.0684119150739961,1.0562871377313203
2019-02-19,1.0419962847673643,1.0702608450924673,1.0576201680935648
2019-02-20,1.0418519842931548,1.0724179301142316,1.0589385375441396
2019-02-21,1.0414588285786737,1.0686045119507326,1.0557324438140507
2019-02-22,1.0421855344281932,1.0752298445172435,1.0607240653920564
2019-02-25,1.0420412380673785,1.076693580781813,1.0614719422554284
2019-02-26,1.0425190605408252,1.0759231932740094,1.0614907779320084
2019-02-27,1.042250343165763,1.0754609607694987,1.0603086355235523
2019-02-28,1.0419816348029896,1.0734579532493809,1.0583724725618338
2019-03-01,1.0441547154030468,1.0801603245665004,1.06165269659396
2019-03-01,1.0463323210791737,1.0869045436161153,1.0649430870561287
2019-03-04,1.0470204476892888,1.0829510358975243,1.0631382502771631
2019-03-05,1.050946163238609,1.081478160472985,1.0625495227509172
2019-03-06,1.03722217946262,1.0749277408211542,1.0593246154215807
2019-03-07,1.0222874786666565,1.065935448755001,1.0551956954573
2019-03-08,1.020630136296224,1.0638036553772194,1.054480265906858
2019-03-11,1.0457324738918197,1.0792300874564469,1.063694266980814
2019-03-12,1.055261848315356,1.0832998748137945,1.0668930164488666
2019-03-13,1.0600034854858633,1.0904704525391384,1.0709319693660813
2019-03-14,1.0496990190361926,1.0897727747061667,1.069883818280995
2019-03-15,1.066461826100293,1.0951336536533438,1.0741172026310224
2019-03-18,1.0763045009891814,1.0991044912584587,1.0763741972858485
2019-03-19,1.0736560744484216,1.0993769997213012,1.0762944158619179
2019-03-20,1.0781901421728055,1.0960679683837056,1.076110837434985
2019-03-21,1.0944886332598096,1.108447638564662,1.083483062282259
2019-03-22,1.0589024713425603,1.087114118881748,1.073136598112635
2019-03-25,1.0627352096100986,1.086296593492358,1.0734427682960386
2019-03-26,1.0716607499420694,1.0943939878248896,1.0783226315662586
2019-03-27,1.0671426416367804,1.0886713100995922,1.0758509298383483
2019-03-28,1.0787078024558787,1.0927978668265776,1.0783371622798252
2019-03-29,1.088376978991356,1.0996884379650427,1.0823772533184552
2019-05-01,1.0815944855065982,1.0914226347953386,1.0777761946384694
2019-05-02,1.0809759329165607,1.0890663198648487,1.0754255946367124
2019-05-03,1.0996332898025183,1.0997258397893623,1.0824570891225216
2019-05-06,1.0962336440863174,1.0952002190495669,1.080343868186388
2019-05-07,1.074716616401236,1.0769107269683718,1.0700368946605086
2019-05-08,1.0709143143726048,1.0754146539968228,1.0690661636405907
2019-05-09,1.0659168221589634,1.0721606952826574,1.0673615933325764
2019-05-10,1.0679002390309595,1.077546557981394,1.0706572371668637
2019-05-13,1.032098697486956,1.0504676371908463,1.0552231333112974
2019-05-14,1.0441110798590463,1.059967700562275,1.0612979698940261
2019-05-15,1.0540614409828444,1.0661764033952186,1.065768261914288
2019-05-16,1.0629403443862775,1.0760504850098451,1.0711826087221712
2019-05-17,1.050394207328089,1.0690937456905056,1.0671453761813663
2019-05-20,1.037040189144993,1.062024800898621,1.0623244811411001
2019-05-21,1.049161484563997,1.071599667918275,1.0680319950935546
2019-05-22,1.0427312031831295,1.0683083073802042,1.0667700849571178
2019-05-23,1.0244357220886637,1.0552550707008805,1.060201566363311
2019-05-24,1.0281583399441665,1.0576487874556906,1.0617996281609547
2019-05-28,1.0224552984100341,1.0478121076657982,1.0564955630245072
2019-05-29,1.0139690998953736,1.0407805646982335,1.0523573804223418
2019-05-30,1.0152378942653588,1.043623103344467,1.055195683400404
2019-05-31,0.9998600706052593,1.0295600174093373,1.0486231329946807
2019-06-03,1.0115300121554986,1.0269418897081943,1.0480115166541764
2019-06-03,1.023029730065946,1.0243304197953722,1.0474002570429262
2019-06-04,1.0279104892397382,1.0465652207643192,1.0606621063648038
2019-06-05,1.0307613900849157,1.0556307520316344,1.0659439031751916
2019-06-06,1.0391809784816313,1.0624951872301789,1.0700254477840254
2019-06-07,1.0575138592336526,1.0731276004451047,1.077653911903757
2019-06-10,1.0448968360616882,1.0780520865654584,1.0794900803386682
2019-06-11,1.0442694408961766,1.0777909395744654,1.0792548456890976
2019-06-12,1.0487079499612706,1.0758882972097457,1.0786600518618423
2019-06-13,1.0600596676676646,1.0803277960607582,1.0822689187496135
2019-06-14,1.0593641983674384,1.079133981243728,1.0814339176390797
2019-06-17,1.061775193272565,1.079544355086953,1.0815633002801115
2019-06-18,1.076071135935665,1.09084828913651,1.0895324683212626
2019-06-19,1.0857383807889314,1.0933105321966867,1.092502158213624
2019-06-20,1.122109532212944,1.1037564118467356,1.099511591774705
2019-06-21,1.123931200234919,1.1021581922601562,1.0974115373153397
2019-06-24,1.147220379941427,1.1008086108001243,1.0973953488785375
2019-06-25,1.1444702597263035,1.090011959121108,1.0910163082880893
2019-06-26,1.1306913441813033,1.0889247962782815,1.0893835134564303
2019-06-27,1.134892563151178,1.0927860987887679,1.092917253961235
2019-06-28,1.138541335293829,1.0984093548716836,1.0960953976027112
2019-08-01,1.1874486460822735,1.0888444816943812,1.0937973745057263
2019-08-01,1.2388183959602947,1.0793628987753894,1.091504169338062
2019-08-02,1.247448572292472,1.0712358277017948,1.0867291305892914
2019-08-05,1.2869246690664498,1.039020410834408,1.0690229465443604
2019-08-06,1.3076271998099342,1.053590565281238,1.0791583736716648
2019-08-07,1.3256212848385305,1.0542129085615775,1.0793111108363842
2019-08-08,1.3346541714075215,1.074896670527891,1.0924382817867735
2019-08-09,1.3277507800470982,1.0675749848761023,1.0873924436086682
2019-08-12,1.3700511264348145,1.05457899284451,1.0810333074878125
2019-08-13,1.3575791283281764,1.0709795687039845,1.0905085040853026
2019-08-14,1.3999658376352555,1.039313278260593,1.07251466459237
2019-08-15,1.4255688042115826,1.0420589103797615,1.0761846724345385
2019-08-16,1.4047235804912748,1.057434450248397,1.0853715461844828
2019-08-19,1.3677407864947564,1.0701741832825822,1.0920715207316256
2019-08-20,1.3929416110252646,1.0619738953526432,1.088245142280837
2019-08-21,1.3786429247978356,1.0706134844214552,1.093327382931577
2019-08-22,1.365287471553328,1.0702840085673002,1.0919707833709895
2019-08-23,1.4139327040052625,1.0427910789452226,1.0769138333485455
2019-08-26,1.4076831929767208,1.0543227338466992,1.083869935627757
2019-08-27,1.443800363577098,1.0501859814533558,1.0826906743210283
2019-08-28,1.4422721332245887,1.057580883961489,1.087302904414451
2019-08-29,1.4270282977222752,1.0710893939891062,1.0953689717481763
2019-08-30,1.4242091702143205,1.0706134844214554,1.0954611920987483
2019-10-01,1.4087907544549916,1.0578788225620852,1.088437887320026
2019-10-02,1.3841781593675138,1.0391916983607148,1.0772096257829813
2019-10-03,1.3972311215744027,1.0477055232862278,1.0841796168333881
2019-10-04,1.4168656554535557,1.0618832063197763,1.0936692840927713
2019-10-07,1.4115550731324324,1.0573016140925724,1.0896465559117248
2019-10-08,1.3899617212391442,1.0408872482399587,1.0796502407339879
2019-10-09,1.4033023296161427,1.0507719432810596,1.085573727827536
2019-10-10,1.4133891664959402,1.0578788225620857,1.0884868866209407
2019-10-11,1.4296181040859477,1.0688457834836222,1.0938330819191415
2019-10-14,1.428650801067218,1.0676552910153014,1.0938395251233275
2019-10-15,1.4445844927680005,1.0782254211138003,1.098903488221386
2019-10-16,1.4416682483956575,1.0764937957052614,1.0986256829708505
2019-10-17,1.4456937999422528,1.0796684422875824,1.1004527049983563
2019-10-18,1.4359256922949044,1.0749425479431982,1.0978749893472077
2019-10-21,1.446987818478153,1.0822298048710952,1.1011337378964712
2019-10-22,1.4391679156328911,1.0786944029950318,1.0996410771651492
2019-10-23,1.4426920374386059,1.0818329740484534,1.101912173080622
2019-10-24,1.4502929048658049,1.083600674986287,1.1031097558162533
2019-10-25,1.4587519724914193,1.0880379650959147,1.1051940742365645
2019-10-28,1.4697314061508668,1.0941708050847858,1.107989705511196
2019-10-29,1.4643292790047304,1.0938461253207343,1.1078318745700575
2019-10-30,1.469969475977244,1.0972011495499265,1.1111323273545068
2019-10-31,1.468097633086765,1.0942790316730668,1.1110918613330338
2019-11-01,1.4942248199314956,1.1044162554192332,1.1173908435381084
2019-11-01,1.5208170418270777,1.1146473887646018,1.1237255358209908
2019-11-04,1.5368909161035178,1.119125785211248,1.1253199865885113
2019-11-05,1.534997653120892,1.1178878544863275,1.122894876898516
2019-11-06,1.5317424087481142,1.1181427225768228,1.1237288431210692
2019-11-07,1.5418840913925251,1.1220749731153217,1.123980491938864
2019-11-08,1.5488272884177996,1.1248421123832133,1.1254024621606507
2019-11-11,1.5441844458871066,1.1226939384777816,1.1241934382294176
2019-11-12,1.5502434203227515,1.125060570746552,1.126097843751086
2019-11-13,1.5477015406832886,1.1254246680185167,1.127121218376949
2019-11-14,1.545347464817855,1.1270631057429579,1.129392178611951
2019-11-15,1.5670350645469682,1.1352188846376077,1.1340547570206687
2019-11-18,1.569778605139311,1.1360563083634063,1.1354041348428894
2019-11-19,1.570354576407743,1.1357286208185982,1.1355302504603784
2019-11-20,1.5531780017694259,1.1315050924624472,1.134084750572803
2019-11-21,1.5475622645252383,1.129684606101824,1.132347484440481
2019-11-22,1.552784174217256,1.1321968772792206,1.134099303923328
2019-11-25,1.5825798278599972,1.1409716215367296,1.1398151017870577
2019-11-26,1.586638727555921,1.1435567121684391,1.1420102572495539
2019-11-27,1.6026183195833992,1.1486540739775453,1.1444992867014725
2019-11-29,1.5864805236250943,1.1443941358942382,1.141385383516588
2020-01-02,1.614785158077421,1.1550963864040513,1.1490493670799855
2020-01-03,1.5936480780414104,1.1463496966187336,1.1451748911907762
2020-01-06,1.5979952082113564,1.1507230415113925,1.1474314067883258
2020-01-07,1.597391811558448,1.1474874774037744,1.145007871707325
2020-01-08,1.6082328139398347,1.1536030491236122,1.1481414451476237
2020-01-09,1.6206179239470508,1.1614252920212054,1.1533017053146386
2020-01-10,1.6217344902702653,1.1580830609649293,1.1520875091592702
2020-01-13,1.6431374721198386,1.166047526460604,1.156555925044924
2020-01-14,1.6354915793964353,1.1642697439836136,1.1559076648836641
2020-01-15,1.6305350417951308,1.1669008620490935,1.1581705262121647
2020-01-16,1.6439385996242282,1.176607554371947,1.1639509684010225
2020-01-17,1.6525279782275568,1.1802697862738096,1.1655898994980365
2020-01-21,1.6346746808976842,1.1779586690543042,1.1655402064801732
2020-01-22,1.6427504247179259,1.1781008916523859,1.1658713808733892
2020-01-23,1.6387399964488822,1.1794520063347433,1.1672903343902419
2020-01-24,1.6251982932450715,1.1689630897222467,1.161925166187515
2020-01-27,1.5822236286131943,1.1502252624179126,1.1521797172425396
2020-01-28,1.6018926674180787,1.1622786276096946,1.1590202472367552
2020-01-29,1.6066068729248075,1.1613186250725467,1.1595028414351314
2020-01-30,1.5999673740238531,1.1650875239230676,1.1618012225482874
2020-01-31,1.5716495226073692,1.1439319124505698,1.1505259089065418
2020-02-03,1.5740843173209358,1.1524297126891474,1.1555071657752547
2020-02-03,1.5761418698145784,1.1609906395947136,1.1605099892334723
2020-02-04,1.5767659747703084,1.1786856098511909,1.1695802351450761
2020-02-05,1.5788765603753052,1.1922971254332169,1.1769863493701453
2020-02-06,1.589794239730358,1.1963089405521958,1.1796520695615123
2020-02-07,1.5904537212229264,1.1899330200951916,1.1772470147490945
2020-02-10,1.601368772460188,1.1988163250015578,1.1830561297314814
2020-02-11,1.597408895078367,1.2008938721165197,1.183706898954409
2020-02-12,1.6021304554925757,1.2086309441318048,1.1877852167469682
2020-02-13,1.6070933149543667,1.2073414321293878,1.187358004354479
2020-02-14,1.6136847011925153,1.2092757001330134,1.1889985518206818
2020-02-18,1.6268160195362245,1.2061593794601795,1.187784312948903
2020-02-19,1.6389287499538363,1.2119263636937114,1.1910672404884495
2020-02-20,1.6371407928037234,1.2069474145731154,1.1892139820148404
2020-02-21,1.6404477613673298,1.1945179516599065,1.1828199874711811
2020-02-24,1.6263911105489526,1.1549012773603817,1.1608063262726858
2020-02-25,1.5928964305269002,1.1199053544033082,1.1405070372776234
2020-02-26,1.6014539983558587,1.1157860799511203,1.1375159058209732
2020-02-27,1.5711369453652053,1.0656742107424038,1.1069421214524775
2020-02-28,1.5430985649304636,1.0611967385112888,1.1074138075246633
2020-04-01,1.54406789032602,1.0134377388343734,1.0760079310656065
2020-04-02,1.5443965681160086,1.0368231800556749,1.0915432391291615
2020-04-03,1.5440122164533414,1.0218367353291593,1.082380809757833
2020-04-06,1.5429148723742085,1.0904697115890847,1.1281091641090335
2020-04-07,1.5425305570930272,1.091581343478245,1.129424048223772
2020-04-08,1.5433939679869308,1.1282240242648978,1.1526013620263518
2020-04-09,1.5439008659267155,1.1453925612176714,1.1688577103539748
2020-04-13,1.5440512694210786,1.1349349871505818,1.1602614562529274
2020-04-14,1.5440234321441044,1.1684074584757702,1.1810317231350573
2020-04-15,1.5445302911755447,1.143581012954169,1.167916997902786
2020-04-16,1.5448589037817073,1.1490980008479081,1.1718953389531759
2020-04-17,1.5442963770922853,1.1801413506375904,1.1903318327511732
2020-04-20,1.5442685359247132,1.159349717157812,1.1770587899141023
2020-04-21,1.5445971334066657,1.124148040671906,1.155856443528313
2020-04-22,1.544034639790586,1.1490980008479081,1.1712486718782216
2020-04-23,1.5438285901000235,1.1490156577446764,1.172318168952825
2020-04-24,1.5438007563576417,1.1650313912571206,1.1818828771026586
2020-04-27,1.5437729230570654,1.1818293842471388,1.1899322121218736
2020-04-28,1.544279699313454,1.176394739456185,1.1885232985401515
2020-04-29,1.5440736585839503,1.2071910599375122,1.2075158858797117
2020-04-30,1.5467187701580516,1.1959512263928487,1.1997001161551433
2020-05-01,1.538436138641028,1.1642903033311627,1.180669820085441
2020-05-01,1.5292747808540892,1.1334675532877372,1.1619413929274975
2020-05-04,1.5305123929124227,1.1365939180514477,1.164262021027989
2020-05-05,1.5296890966193373,1.1470952971303212,1.170357903155693
2020-05-06,1.5170366517183587,1.1393194668203126,1.1637152847781829
2020-05-07,1.5414402622787933,1.1530674554611324,1.1735802303640426
2020-05-08,1.5349329376479668,1.172146296840141,1.1839849355002736
2020-05-11,1.531081350896785,1.1723867864374833,1.1827073834182438
2020-05-12,1.5309727771173987,1.149019213907755,1.169785747435026
2020-05-13,1.5315576535408848,1.1286978429427679,1.158136272716545
2020-05-14,1.5469766280860537,1.1422053419866807,1.167882440141454
2020-05-15,1.5486020356289945,1.1474560315259001,1.171383264873467
2020-05-18,1.5345730568564881,1.1824071863216723,1.1921106179860028
2020-05-19,1.5379313368438783,1.1702624616619746,1.185294445418433
2020-05-20,1.5513333839423502,1.190142935031979,1.1985917383901243
2020-05-21,1.5478006659058052,1.1819262071274228,1.1939945890099595
2020-05-22,1.5557426243067252,1.1841707767011678,1.1955992110991962
2020-05-26,1.5404852394494712,1.198760478932686,1.2036637967487642
2020-05-27,1.5410710789039743,1.2165967907261508,1.2151074312661363
2020-05-28,1.5373220031945938,1.2143522211519706,1.2134311898673782
2020-05-29,1.5521768078438662,1.219763237089563,1.2179576403089132
2020-07-01,1.5539514229540572,1.2283074341064566,1.2233356575619259
2020-07-02,1.5599687308268544,1.2350715900780396,1.2279580439003406
2020-07-06,1.5801292135136353,1.254137807495221,1.239290327041387
2020-07-07,1.5822738037079525,1.2412028425671588,1.2323762541391121
2020-07-08,1.5961914065212668,1.2506963948079621,1.2378652848671277
2020-07-09,1.5984871094558522,1.2435762306275735,1.2349343040684762
2020-07-10,1.599942886153274,1.2562738567497649,1.2419169782139463
2020-07-13,1.5888520201777692,1.2453958281402442,1.235422825668383
2020-07-14,1.597667591854176,1.2615348669496949,1.2458211775308243
2020-07-15,1.5997365071852327,1.2731249119772545,1.2527305779183724
2020-07-16,1.5861601613481349,1.268931926404169,1.2505928643594133
2020-07-17,1.594999472078055,1.272610677897726,1.253273675504281
2020-07-20,1.6167037641827808,1.282895359492143,1.2598989223647188
2020-07-21,1.6225741288985096,1.2856247557613631,1.2618036266789407
2020-07-22,1.640126244510972,1.2929427022802622,1.266536889506955
2020-07-23,1.633141821471529,1.2775156798888505,1.258064833216307
2020-07-24,1.6360862681427262,1.2692879346134023,1.2530346511622734
2020-07-27,1.6672070876068585,1.2785441480483348,1.2581811039791444
2020-07-28,1.667951940525096,1.2704350721758217,1.2537309158957584
2020-07-29,1.6829532210757097,1.2860598769057439,1.263571140325746
2020-07-30,1.6784199043983596,1.281471326655638,1.2612470653129761
2020-07-31,1.6991391552423618,1.2915977823793319,1.2674381186414754
2020-08-03,1.7233726013132753,1.3005771005406064,1.2729257855482234
2020-08-04,1.7319939516597582,1.3056007719346658,1.2768567178466141
2020-08-05,1.7487218994942872,1.313709847807179,1.2806330947507407
2020-08-06,1.7619983968574178,1.3224913836303704,1.2864986934523437
2020-08-07,1.7615920259271929,1.3234407388542797,1.28645027899205
2020-08-10,1.7646961070033746,1.3273963856214948,1.288283380637223
2020-08-11,1.7408470465318784,1.3164392440763992,1.2804776255248207
2020-08-12,1.7694413121188826,1.3347934450755414,1.2901562361871108
2020-08-13,1.7702456082886473,1.332380500547767,1.2868447373030836
2020-08-14,1.7685289667332778,1.3324200570155542,1.2863890769329906
2020-08-17,1.784314149504913,1.3366525990564275,1.2895373914423738
2020-08-18,1.7873074102327173,1.3395402211963705,1.2919497568292404
2020-08-19,1.7802681896152406,1.3339627592545673,1.2879373880532146
2020-08-20,1.791715551482574,1.3381161883598651,1.29125758809952
2020-08-21,1.7935023605692548,1.3428629644806942,1.2945286956071518
2020-08-24,1.8078074272636575,1.3564703893590075,1.3021811291648604
2020-08-25,1.8169279356922654,1.3612171654798364,1.303817525469023
2020-08-26,1.8349392745792257,1.3748641468259375,1.3115723250636373
2020-08-27,1.8334052478576446,1.3778704383688158,1.3114757444064649
2020-08-28,1.845262322524376,1.3867706435949425,1.3172701563388913
2020-08-31,1.8457247003589758,1.381746972200883,1.315566918261969
2020-09-01,1.8674419578654773,1.3947610500640928,1.324091533367648
2020-09-02,1.891076362746428,1.4149348485763336,1.3366559213221771
2020-09-03,1.814923956353063,1.366240836873896,1.3091910386811538
2020-09-04,1.7967160194439136,1.3550859129907176,1.3001744002672755
2020-09-08,1.7342353804414803,1.3180610592509874,1.279432165586845
2020-09-09,1.7744361391769494,1.3440892149782617,1.2945480828506268
2020-09-10,1.7419574628489254,1.3207508990528476,1.2811050240148143
2020-09-11,1.7381624367763866,1.321423359003099,1.282103187874035
2020-09-14,1.7636695065956793,1.3388282047783318,1.2922786822677723
2020-09-15,1.7783148352370697,1.3455923607499147,1.296239732119282
2020-09-16,1.7635911427363717,1.3402522376144095,1.2928904013687161
2020-09-17,1.743733138507058,1.3284644102483396,1.2861987536149608
2020-09-18,1.7228979515359633,1.3132321006132388,1.2767415984179094
2020-09-21,1.7129444859644671,1.2986163615227218,1.2683022273033009
2020-09-22,1.7355132184467914,1.3118420167324178,1.2764385355575638
2020-09-23,1.690665976602874,1.281419038082292,1.2575986636246688
2020-09-24,1.696348677620045,1.2848346727612099,1.2596525499512339
2020-09-25,1.7280491326431628,1.3056064976097694,1.2720420445506755
2020-09-28,1.759296548882124,1.3272918061515129,1.285149465078149
2020-09-29,1.7502747842238666,1.3200633699710742,1.2810370670593536
2020-09-30,1.7630543484345036,1.3300719739131541,1.2860413626570275
2020-10-01,1.8043153612121283,1.3386110606102348,1.2916997750628516
2020-10-01,1.8468014193075408,1.3472049684020009,1.2973830837370883
2020-10-02,1.8043589277148189,1.3344140358750214,1.289464682602972
2020-10-05,1.8685250677293774,1.3580772610498908,1.3015219501651152
2020-10-06,1.8575642641407806,1.33877094726679,1.290863549161209
2020-10-07,1.9109327922155381,1.3620744274646257,1.3039940980297713
2020-10-08,1.9425462895762942,1.3741458700366778,1.3115937626628131
2020-10-09,1.9740412399197247,1.3864171709296385,1.3187551178894974
2020-10-12,2.023688723783014,1.4087213595237904,1.3325151446666224
2020-10-13,2.0081250883322204,1.399527876770158,1.327433020953351
2020-10-14,1.977242166596056,1.3907341106574833,1.3227435984337852
2020-10-15,1.9629830000637853,1.3890153290993021,1.3213145486530276
2020-10-16,1.9652561632366032,1.3881759241521734,1.3205665974416523
2020-10-19,1.9366236275866866,1.367070885482614,1.3078930161948665
2020-10-20,1.9657428289165297,1.3725470034706977,1.3105921617510143
2020-10-21,1.9650870145194925,1.369948845301464,1.308479806899974
2020-10-22,1.9781394815805093,1.3774635181608386,1.3118509581987758
2020-10-23,1.9982837626232202,1.3821402028661471,1.3152838039428176
2020-10-26,1.9379727509371873,1.356598309476542,1.3014165628515602
2020-10-27,1.947358554990107,1.3519216247712331,1.2999195645449733
2020-10-28,1.8348329931988325,1.3057143810173795,1.2725119018064959
2020-10-29,1.8783300667407368,1.318984973514454,1.2793638524045947
2020-10-30,1.8242785615464832,1.3052347210477142,1.2699680752470273
2020-12-01,1.8550264624464443,1.3195106131524446,1.276697682593257
2020-12-02,1.855990009739683,1.3222864810612882,1.2777457873010767
2020-12-03,1.8623055740770291,1.3219259787354896,1.2784051744724931
2020-12-04,1.890231873489387,1.3333178522330549,1.2836274676783868
2020-12-07,1.8824134571890592,1.330578034556597,1.2828308031527127
2020-12-08,1.8967129224206944,1.3344714596759983,1.285126600589234
2020-12-09,1.8920430994714739,1.3225027824571551,1.2774689695502037
2020-12-10,1.9015448633659622,1.3220701796658088,1.278478227757781
2020-12-11,1.8941570388894733,1.3205200196646807,1.2781426743877549
2020-12-14,1.8957536338234018,1.314607781520419,1.274405959720474
2020-12-15,1.9274628585118876,1.3323805461859783,1.2850460187403245
2020-12-16,1.9285377539738628,1.3344714596759986,1.2860382483542845
2020-12-17,1.946217569389169,1.3419338578213884,1.290332542253727
2020-12-18,1.9363705867780143,1.3365984233984045,1.2869916049632464
2020-12-21,1.922063155561049,1.3318194269227053,1.284230628336294
2020-12-22,1.9289898407246877,1.3295747467599353,1.2836733291360565
2020-12-23,1.9477933698012986,1.3307694958790541,1.2840171976923604
2020-12-24,1.9476485578883216,1.3359467420611266,1.2874936873547014
2020-12-28,1.953281894359689,1.3474235745062684,1.294217332035932
2020-12-29,1.943564670528011,1.3448530536748595,1.2928236575473848
2020-12-30,1.953750504425211,1.3467718931686024,1.2942371135870603
2020-12-31,1.9438697487831715,1.3536145472135124,1.298577073028573
2021-01-04,1.932526641624608,1.3351864471672474,1.2873105489485037
2021-01-04,1.9218341223520166,1.3170092271606615,1.276141773833423
2021-01-05,1.9987028227120076,1.3260799813483772,1.2808964117205313
2021-01-06,2.057532672761289,1.3340079633552226,1.2829710415437527
2021-01-07,2.112551944447227,1.353827918372336,1.293883225512337
2021-01-08,2.167526831319724,1.3615416305953159,1.2976883923016838
2021-01-11,2.134616927487979,1.352363741515285,1.2915975453494308
2021-01-12,2.192746891409119,1.3526494345606939,1.2922032462478945
2021-01-13,2.183116332333648,1.3562920208879357,1.2959258533410891
2021-01-14,2.245654079966752,1.3515423740102124,1.2921870114656053
2021-01-15,2.1804630024519485,1.3416859639474306,1.287062422014674
2021-01-19,2.2449660731847714,1.3522208949925805,1.2938285709033668
2021-01-20,2.2960312471454407,1.3709337894592124,1.3046155444583534
2021-01-21,2.2816219825943214,1.3721836965323984,1.3045736845704587
2021-01-22,2.2854159246130146,1.36732691476236,1.301803197045397
2021-01-25,2.3015235089097725,1.3727193709920618,1.3062159594352378
2021-01-26,2.2686929385552603,1.370576673152643,1.3048148323738746
2021-01-27,2.1627856303626896,1.3370791635920298,1.28572509144347
2021-01-28,2.172313386744946,1.348578308665339,1.2920094900574652
2021-01-29,2.0840552670287327,1.3215803158852915,1.2759181102758266
2021-02-01,2.117651707616976,1.3435786803725958,1.2891481740943191
2021-02-02,2.142215107305428,1.3625772678842543,1.2992937633376291
2021-02-03,2.1478305219891647,1.3636486168043465,1.299285099522617
2021-02-04,2.165280429850689,1.379147464511467,1.3079232145411988
2021-02-05,2.184725058152573,1.384575632371941,1.3103403835220693
2021-02-08,2.2147313396333903,1.3945748889570444,1.316557177379072
2021-02-09,2.2261616038473218,1.3936463865596567,1.316256622253464
2021-02-10,2.215922678893128,1.3930392888384497,1.3164081017607792
2021-02-11,2.2244663993475315,1.3952891215701841,1.3170536137983697
2021-02-12,2.2345343908885096,1.4021814662877092,1.3197398410453949
2021-02-16,2.2395714205363806,1.4009672708452952,1.316563654783945
2021-02-17,2.224796556120599,1.401288675521476,1.3177887806521025
2021-02-18,2.205141224133019,1.3953248332009558,1.3141516628614387
2021-02-19,2.225963796919029,1.3928607306853562,1.3111306581721935
2021-02-22,2.21712979864113,1.3821472414867304,1.3034498928050058
2021-02-23,2.21124776251442,1.3838256881280293,1.3045350666996536
2021-02-24,2.2347355571534213,1.3990745544205132,1.312979448409802
2021-02-25,2.180365256139518,1.3653627750760344,1.2891759034217678
2021-02-26,2.1597028482158653,1.358327583835805,1.2893820348146756
2021-04-01,2.1835026929637684,1.372996274217156,1.2994682450188701
2021-04-05,2.20825290456886,1.3927030428370648,1.309610766752063
2021-04-06,2.20515710609224,1.3918804994509313,1.3109878044934504
2021-04-07,2.1947476826980794,1.3934913135817588,1.3110716531695503
2021-04-08,2.2078988820672776,1.4001059333097046,1.3160934189106308
2021-04-09,2.2185741827296828,1.4102849077096755,1.3212356383260706
2021-04-12,2.216132170949294,1.4107989973257802,1.321385757290431
2021-04-13,2.2184719328779865,1.414980259537497,1.3252635303366986
2021-04-14,2.2208343178136314,1.4101478171453807,1.3221311557762572
2021-04-15,2.239837834496357,1.4252963245017627,1.3327334071600674
2021-04-16,2.245966842928054,1.4300602216117317,1.3340135006782365
2021-04-19,2.228740619006889,1.423034330190902,1.3296618112214151
2021-04-20,2.20245054466758,1.4126154473030494,1.324657147517103
2021-04-21,2.234436092908323,1.4259817773236019,1.3326860438550536
2021-04-22,2.2177742296600305,1.4129581737137862,1.3255225060548117
2021-04-23,2.2478100271236987,1.4282780442755363,1.3340532253732
2021-04-26,2.2588017197728223,1.4312597640493094,1.3352592037097721
2021-04-27,2.259581465226128,1.4309513102796467,1.3337821487595505
2021-04-28,2.260419938585553,1.430540038586763,1.3338320300915842
2021-04-29,2.2670600112060493,1.439656561113451,1.3386524125238206
2021-04-30,2.2467274360827973,1.4301973121760267,1.3339368708774024
2021-05-03,2.2670374404613756,1.433281849873021,1.3360012613507979
2021-05-03,2.288154177033627,1.4363730400596566,1.3380688466590613
2021-05-04,2.246295363691261,1.4275116281912528,1.3337709361930072
2021-05-05,2.2583470642734667,1.4279581334403804,1.3344404886085086
2021-05-06,2.289293928191519,1.4393611905734165,1.3409273863714122
2021-05-07,2.3309091422898685,1.4498368906502048,1.3466426022249571
2021-05-10,2.277616878597739,1.4354800295614012,1.3377956237261819
2021-05-11,2.236817550588007,1.422668763565365,1.3294628528768984
2021-05-12,2.1388798050890703,1.3924437928515145,1.31065300960515
2021-05-13,2.1902588850645626,1.4091705664171912,1.3212975605445152
2021-05-14,2.2654980808690595,1.430808897723639,1.3346759374408468
2021-05-17,2.2575609877051432,1.4271681626150003,1.332171186060852
2021-05-18,2.230673157459106,1.414872094983709,1.3246313715256404
2021-05-19,2.2087778579633213,1.4111626667598196,1.3218044057665033
2021-05-20,2.2557405858344683,1.426343845231995,1.3321467003296588
2021-05-21,2.2568698003457737,1.425176062272371,1.3317254204031388
2021-05-24,2.2958051376470276,1.4397046561496676,1.3403834523522982
2021-05-25,2.2825282171265884,1.4365104262901567,1.3399108212638946
2021-05-26,2.3014287642812365,1.4393611905734158,1.3413193972148174
2021-05-27,2.312710973938796,1.4401168148411703,1.341086960568844
2021-05-28,2.3196687257730466,1.4426928066634277,1.342526272577881
2021-07-01,2.327490615255013,1.4506804297811284,1.3466858216516828
2021-07-01,2.33516506092545,1.458712277229037,1.3508582582561428
2021-07-02,2.3778618720583524,1.4698619726316127,1.3582269817758015
2021-07-06,2.3975128600931535,1.467184690148856,1.3584851391411368
2021-07-07,2.416723020000968,1.47236980685572,1.3623047908881447
2021-07-08,2.3950798735515,1.4603728701613432,1.356255774845355
2021-07-09,2.40979070652807,1.4759621099339542,1.3631662150135655
2021-07-12,2.422595008187007,1.481248895595791,1.3657659202170618
2021-07-13,2.4095264668964385,1.4761993374955573,1.361791037112804
2021-07-14,2.4278487930617447,1.4784021648547463,1.364851833845694
2021-07-15,2.4181572362380876,1.4733526067545126,1.3632339388120485
2021-07-16,2.385922702241614,1.4617962355320455,1.356348270704881
2021-07-19,2.3691769933508167,1.4402085274124266,1.3471854649320874
2021-07-20,2.405799996789088,1.4608473252849106,1.358260143163841
2021-07-21,2.4218493090109163,1.4726748137209993,1.363084615950623
2021-07-22,2.4504126001116573,1.4757587720236476,1.3660661539052192
2021-07-23,2.4857833143698866,1.4909413359760064,1.3741226774992739
2021-07-26,2.487994017552354,1.4946014183575558,1.3756736822899092
2021-07-27,2.466348487220147,1.487789598370043,1.3731913927344324
2021-07-28,2.4749798901784654,1.4871795846398448,1.3733727415670254
2021-07-29,2.4792108834294386,1.493347501245141,1.375894279521178
2021-07-30,2.464665694486895,1.4860951157860791,1.37264224843673
2021-09-01,2.4665095671990183,1.4868849617151239,1.3732568848461086
2021-09-02,2.4698273715542096,1.4914594860552994,1.376360435095527
2021-09-03,2.47314351266745,1.491097473337631,1.375211184707134
2021-09-07,2.470218971419669,1.4857660133154393,1.3707889647330982
2021-09-08,2.46446806426462,1.483955949727797,1.3706886491445895
2021-09-09,2.454876792074723,1.4776042720470077,1.36892141847752
2021-09-10,2.4358286736805494,1.4659540445914063,1.3613606693177183
2021-09-13,2.4381978320018893,1.4697058127551577,1.3641560628680267
2021-09-14,2.428004443162925,1.4617744432159283,1.3609618307182734
2021-09-15,2.447166655081248,1.4739841448717224,1.3672674359241812
2021-09-16,2.4459314168701916,1.471647517330916,1.3650253995622652
2021-09-17,2.4196210923310595,1.457358273111814,1.3566021936120327
2021-09-20,2.3745991745075052,1.4330579629848346,1.3440603259999397
2021-09-21,2.3748094929536627,1.4317042772302548,1.3435301104478927
2021-09-22,2.397459102000532,1.44567035220851,1.3515787705479156
2021-09-23,2.4231624427858782,1.4632352502892685,1.3587793461090443
2021-09-24,2.4262825851621974,1.4656454712667302,1.3591819933075704
2021-09-27,2.413298442817317,1.4614523471008307,1.3560951430740449
2021-09-28,2.3551307697545223,1.432001427761953,1.3374392968624562
2021-09-29,2.355274932412061,1.4344116487390643,1.3391628369946371
2021-09-30,2.3361705909423103,1.4168797673839337,1.329248925951112
2021-10-01,2.3742107832169363,1.433718297499136,1.3403463697894167
2021-10-01,2.4128316984547187,1.4507569406394287,1.3515364623839776
2021-10-04,2.34463337949553,1.4320478422891785,1.3407026576503165
2021-10-05,2.376491598828317,1.446948302760952,1.3478126946721212
2021-10-06,2.40307323432804,1.452961941516516,1.3514087861576296
2021-10-07,2.4225790740794126,1.4655237646944197,1.3569109723483044
2021-10-08,2.400081514435583,1.462851036358771,1.354239865589434
2021-10-11,2.370014674391574,1.4522603503281424,1.3475029099147435
2021-10-12,2.3794385433763487,1.4486855761791235,1.347499428322848
2021-10-13,2.413862549865085,1.4538973964339932,1.3516334236936034
2021-10-14,2.4826901464096216,1.4783528607058884,1.3663122477072631
2021-10-15,2.5004846719859795,1.4896117288200748,1.3712231927019614
2021-10-18,2.534288165614642,1.4940217305742498,1.3732759100941467
2021-10-19,2.5454284670852463,1.505547871522001,1.3780493702165915
2021-10-20,2.5389816665052596,1.5114612829648897,1.3809106692226265
2021-10-21,2.5557445030269776,1.515403557260149,1.3819096716730477
2021-10-22,2.5480895167308253,1.5138333293628667,1.3821187655644034
2021-10-25,2.578300905542696,1.5219517416828428,1.387099164965174
2021-10-26,2.5980135665884054,1.523321514954774,1.3888687588430737
2021-10-27,2.621336587342776,1.5165728759070836,1.3870226408069664
2021-10-28,2.6582287360841965,1.5312060635452922,1.3946174403015397
2021-10-29,2.677650187872368,1.5343131102353953,1.3961694289438253
2021-12-01,2.6607980141907928,1.517271174293321,1.3869709070302172
2021-12-02,2.672359080782152,1.5405101778504997,1.3996200808208898
2021-12-03,2.6632482260329726,1.527105651161127,1.394559938130912
2021-12-06,2.656894444687792,1.5451916582775744,1.4025305963031678
2021-12-07,2.6884177282644037,1.577153708097766,1.4190566398829825
2021-12-08,2.672476283492108,1.5813299927949018,1.4198238763491455
2021-12-09,2.659013874891831,1.5706535230446979,1.4141219824876645
2021-12-10,2.6710128365613395,1.5854389180616173,1.4222577050825722
2021-12-13,2.669643102681161,1.571394476781465,1.4166904862712364
2021-12-14,2.6521189372559806,1.5605832881697057,1.4097548155049544
2021-12-15,2.6714921699508656,1.584967402047603,1.4225276765381267
2021-12-16,2.6360349371780503,1.5709903201975137,1.4157800800352378
2021-12-17,2.6433751449454843,1.5543305985046887,1.407465093999704
2021-12-20,2.620493482317953,1.5378027175238584,1.3976495022528692
2021-12-21,2.64633737575639,1.5651125903918415,1.412101946463527
2021-12-22,2.668980854398973,1.5807616883351767,1.421067893776456
2021-12-23,2.6683964289499373,1.5905972984892027,1.4256770916002302
2021-12-27,2.6944874893984827,1.6131076639969923,1.4380825428795865
2021-12-28,2.6828173423636437,1.6117894894403926,1.4371257316681347
2021-12-29,2.6685713013246306,1.6138512496446533,1.4365174191574486
2021-12-30,2.6750404648711337,1.609389735760117,1.435396197508217
2021-12-31,2.668768073600108,1.6053338140468698,1.4330244922716486
2022-01-03,2.6876443147248676,1.6146286346394154,1.4340835746040936
2022-01-04,2.6721538425976257,1.6140878450775777,1.4337447533696375
2022-01-05,2.60761437546382,1.5830938433201778,1.4154543664775714
2022-01-06,2.6053845116907364,1.581606672025213,1.4140549784647636
2022-01-07,2.587363358327885,1.5753537927175139,1.4090462482379615
2022-01-10,2.586207474475833,1.5733934305563433,1.4074931635346328
2022-01-11,2.616269102389982,1.5877243539427215,1.4162370337464014
2022-01-12,2.6247115755430346,1.5920168710888933,1.4185343676892752
2022-01-13,2.5758695429227503,1.5700810944904,1.4078149498818022
2022-01-14,2.5832922949164185,1.5707232820949706,1.4050153223122563
2022-01-18,2.5295502328564594,1.542906419012608,1.3866789676209659
2022-01-19,2.502590856045029,1.526885528246157,1.3792337722386998
2022-01-20,2.4727907045731308,1.5099858544414964,1.3703707641196499
2022-01-21,2.415629517420419,1.480343826588155,1.3563874747814766
2022-01-24,2.426189036709354,1.4866305052433129,1.3592151728211819
2022-01-25,2.385124607967141,1.4684802555773266,1.3487248891088655
2022-01-26,2.3800639899955875,1.46479612668791,1.3436597754345356
2022-01-27,2.3630384946692846,1.457563066299625,1.3414645916077772
2022-01-28,2.4282969541615165,1.4937621675888648,1.3618382458355758
2022-01-31,2.486517153076323,1.5206664482859165,1.3765064385670238
2022-02-01,2.493352873184291,1.5309414499590472,1.3818972972398271
2022-02-02,2.508245529961625,1.545813162907263,1.3905459918699798
2022-02-03,2.4831273582928515,1.509478864227117,1.3686947361058732
2022-02-04,2.489961015865308,1.5165767272252102,1.3691120717550156
2022-02-07,2.4980895585366683,1.511709621169385,1.3669710529868175
2022-02-08,2.510699114773596,1.5241477810895097,1.3720395727693673
2022-02-09,2.530145851116917,1.5464553505118332,1.3844365542795203
2022-02-10,2.5065752076429813,1.5186722867769293,1.364396783124906
2022-02-11,2.5165537313965274,1.4887260647950318,1.351846803481619
2022-02-14,2.5215519152531063,1.483858958739564,1.346051781548566
2022-02-15,2.5226473925446284,1.5077888968466866,1.3581909102550378
2022-02-16,2.539571024416131,1.5094788642271169,1.3597505708996922
2022-02-17,2.5396931238524756,1.4772342866080341,1.34346624625703
2022-02-18,2.532124232246869,1.4676690712347482,1.3393741282846487
2022-02-22,2.524763921627636,1.4519185752486798,1.330164774070133
2022-02-23,2.514289797431783,1.4261634723705783,1.3136320518964677
2022-02-24,2.5190200968906367,1.4476260581025082,1.3264553395344518
2022-02-25,2.535427706099236,1.479566441593035,1.3445486647510163
2022-02-28,2.5489402394580565,1.4757809146608851,1.3463622972788836
2022-03-01,2.5532573217657673,1.4533043485009114,1.337087575702017
2022-03-02,2.5447759337753295,1.4800396324595986,1.3454271850189765
2022-03-03,2.5447322119798734,1.472671374680765,1.343226967682156
2022-03-04,2.5474004612637136,1.4607064056272039,1.3388309040431672
2022-03-07,2.5440421242243905,1.4176460367731525,1.3120430036677595
2022-03-08,2.540683897509416,1.406897844233458,1.3042079949299974
2022-03-09,2.5391336681476835,1.4446179161651207,1.3240900398204003
2022-03-10,2.5369808706505745,1.4380946420766811,1.3175396958866756
2022-03-11,2.536033360161078,1.419809195020146,1.3073909365442522
2022-03-14,2.5293611999812207,1.409432795303925,1.2965929793362525
2022-03-15,2.5302216041719485,1.440426797061682,1.3148599418549742
2022-03-16,2.527767804656511,1.4723671805522085,1.3327445978814614
2022-03-17,2.5268205026022543,1.4907878249992923,1.3436400385168026
2022-03-18,2.526174509354813,1.5070656212273328,1.3536385960547859
2022-03-21,2.517695437472011,1.5066248794594184,1.3480917040838254
2022-03-22,2.5158445384129595,1.5242545501835045,1.3560955308289768
2022-03-23,2.5179101145214293,1.5046245898961625,1.347852737056765
2022-03-24,2.5171136754372463,1.5273058393475565,1.3588364008155314
2022-03-25,2.5102922157534904,1.5347645461921833,1.358498168905873
2022-03-28,2.5078390643920963,1.5456813807563554,1.3656276061470771
2022-03-29,2.509000896614952,1.5648027928495096,1.3783319356649626
2022-03-30,2.510765163180006,1.5551403771642378,1.3747215675818023
2022-03-31,2.5107219812380515,1.531204708834658,1.3617696995354538
2022-04-01,2.4980275366385913,1.5355443200896748,1.363118238997206
2022-04-01,2.485397259506137,1.539896230304939,1.3644681138967205
2022-04-04,2.502926061972506,1.5530879581457875,1.3719416019890551
2022-04-05,2.475742323722974,1.5334703628776178,1.3559965694356262
2022-04-06,2.4699678240870715,1.5181366792275428,1.3464764145613866
2022-04-07,2.48240769879526,1.5257865214031985,1.3493730357245268
2022-04-08,2.485259222564547,1.5217066055762538,1.3444904026096243
2022-04-11,2.4742474302713173,1.4956971421791687,1.3283913612029763
2022-04-12,2.4871753566016195,1.4901552565139757,1.3271196806040855
2022-04-13,2.507464180648143,1.5072229043902603,1.3373055162844631
2022-04-14,2.484623251926737,1.488455291586172,1.3229766545050212
2022-04-18,2.4893662153564597,1.489067278960339,1.321674275614298
2022-04-19,2.4799368545676144,1.5131047830409423,1.3312621447059938
2022-04-20,2.4874334377110108,1.5119828061885414,1.3337195394546544
2022-04-21,2.461989445086549,1.4893732726474223,1.3188182925721912
2022-04-22,2.4184007408358315,1.4485061157800903,1.2965939664282913
2022-04-25,2.403751616142442,1.4569039425238934,1.304580622363315
2022-04-26,2.3797714367819816,1.4147108130130106,1.2835229598520361
2022-04-27,2.371359528313624,1.41868873094438,1.2836140037707973
2022-04-28,2.4029414111274217,1.4545239916251114,1.3028696386846959
2022-04-29,2.3594027909526356,1.400771100604373,1.2708584423573681
2022-06-01,2.3549671815900743,1.3894409103155596,1.2626082138719665
2022-06-02,2.355493047196181,1.4159006361398716,1.2776731522073883
2022-06-03,2.354602482732186,1.3926635692299032,1.2642484307958077
2022-06-06,2.3514457271923908,1.3969039099071607,1.2634595108740745
2022-06-07,2.3516883467146172,1.41030338644635,1.272659933199895
2022-06-08,2.3499480836735067,1.394970314558197,1.262273686779053
2022-06-09,2.3482078776571327,1.3617938891013008,1.2437177196591023
2022-06-10,2.3382532499683633,1.3223078367171295,1.2182291045477134
2022-06-13,2.3263161816608005,1.272102203101392,1.182488345380242
2022-06-14,2.3217439587812634,1.2682689351294432,1.1775485264368373
2022-06-15,2.330767557424101,1.2863497477761041,1.1928540324452572
2022-06-16,2.333842853333829,1.2437767273790008,1.1703107018513585
2022-06-17,2.3332360129718275,1.2464460082661415,1.1717710215524533
2022-06-21,2.33234596358639,1.277823496201744,1.1876011321949353
2022-06-22,2.339102978981164,1.2755068087103265,1.1903495313223058
2022-06-23,2.3410450525104225,1.288010107377205,1.1993347649824415
2022-06-24,2.3404381369925895,1.3289609656819794,1.2214552816036346
2022-06-27,2.3378487787852027,1.3238846945611897,1.2164801306160022
2022-06-28,2.337241933607498,1.296833961205278,1.2017599151783844
2022-06-29,2.340033496713219,1.2957778242603193,1.203943042535182
2022-06-30,2.3445241316524945,1.2852505237478327,1.200262873589132
2022-07-01,2.3585862451857507,1.2988440282931935,1.2118725743929126
2022-07-01,2.3727327211874805,1.3125813050933874,1.2235945715575314
2022-07-05,2.3721197117379758,1.315060212185149,1.2258897500063601
2022-07-06,2.358924118494701,1.3195015873913274,1.2250739144232419
2022-07-07,2.355461309808542,1.3392639855950839,1.2349760931825284
2022-07-08,2.3497214366788044,1.3381622491100573,1.2325191061338767
2022-07-11,2.351388457381191,1.322875655377467,1.2263602246162597
2022-07-12,2.3536254547794098,1.3111697052216649,1.2205243677566455
2022-07-13,2.34845766338175,1.304283852189074,1.218452219768925
2022-07-14,2.346709916242777,1.301116359793945,1.2149601575514923
2022-07-15,2.3500823208964583,1.325974289241898,1.2307959293047004
2022-07-18,2.347195519781876,1.3150257829201617,1.2231094550442354
2022-07-19,2.3420350215077423,1.3505567845688655,1.2422659120925488
2022-07-20,2.3414262696098627,1.359164100859514,1.2466744574627537
2022-07-21,2.354453672746655,1.3730046654553938,1.2584589273369822
2022-07-22,2.366377527807859,1.3602658373449017,1.2553798371472085
2022-07-25,2.362338413573314,1.3619184420726225,1.2544487967418279
2022-07-26,2.3600148593481016,1.3458055459763525,1.245446493116596
2022-07-27,2.3673892226932836,1.3807512501173747,1.2665922217609644
2022-07-28,2.3776313778596703,1.3980691704943569,1.279752519828549
2022-07-29,2.3770177997882627,1.418451295471144,1.2909960411406582
2022-09-01,2.3752575119284596,1.422902127007366,1.2911934342478455
2022-09-02,2.3804222078251573,1.4078985174745853,1.2845212764781884
2022-09-06,2.3751754576243376,1.4025862346735916,1.2768007479178125
2022-09-07,2.378604792626233,1.4277836841757858,1.294107904842319
2022-09-08,2.37567178774685,1.437116072880051,1.2975284549489834
2022-09-09,2.3736064406472304,1.459442018165461,1.3095708953455514
2022-09-12,2.3732762537565697,1.475127609949629,1.3172283167911993
2022-09-13,2.3651382960825336,1.410985384507656,1.2799009452765016
2022-09-14,2.3630732212429115,1.4163694549140786,1.2835030667094691
2022-09-15,2.360429880069359,1.4002890313002394,1.2732072685823332
2022-09-16,2.361545732634269,1.3896515367506523,1.2670435455210023
2022-09-19,2.3589025056881687,1.400428220262744,1.272169837968751
2022-09-20,2.357705126024257,1.3843533010440616,1.2611392511415502
2022-09-21,2.355640344187346,1.3602048797965571,1.2495316220888983
2022-09-22,2.351262493677555,1.3487794327285412,1.2379088847720026
2022-09-23,2.3483304730229015,1.3261808355311333,1.2239407179340103
2022-09-26,2.3430854925905087,1.3130613947339682,1.2103799174329095
2022-09-27,2.343044972230627,1.3097094496951507,1.2064572139235812
2022-09-28,2.3531237237402185,1.335479779832466,1.2284791411346514
2022-09-29,2.3499027564232597,1.3075829469284674,1.2105006464309578
2022-09-30,2.3478383434903662,1.2873631494359905,1.1981162908197447
2022-10-03,2.3529445181011814,1.3213511512815568,1.2209785198108891
2022-10-04,2.3537723001040893,1.3622953401433824,1.2449892148754227
2022-10-05,2.3514157598574927,1.359123607203098,1.2406362972522367
2022-10-06,2.3484803445481575,1.345103105911761,1.2310064459633783
2022-10-07,2.345545025940674,1.3075829469284672,1.2077956292180698
2022-10-10,2.34463606779041,1.2975991966513525,1.2000933568607537
2022-10-11,2.3457533677912856,1.2893815249434781,1.1958353557219883
2022-10-12,2.3480284550023987,1.2851285194101119,1.193869807557586
2022-10-13,2.3410410264328925,1.3190444364163405,1.2112738439402877
2022-10-14,2.3398427536472513,1.2889850583258013,1.192064754777398
2022-10-17,2.34240725566086,1.3221080420966762,1.2114516609735386
2022-10-18,2.343524490911977,1.3376423250186293,1.220809468032309
2022-10-19,2.33914249546431,1.3281631686187634,1.211404615271237
2022-10-20,2.3364972019493035,1.3170260609088524,1.202377725039882
2022-10-21,2.342534630988608,1.3490317296667882,1.2206285932609544
2022-10-24,2.3419152869945914,1.365539157922628,1.228913429553919
2022-10-25,2.3441900746670017,1.3873448218850588,1.245517361582505
2022-10-26,2.3461753800491474,1.376892520151306,1.2420999483105342
2022-10-27,2.351054630733052,1.36953986651737,1.2406311122998492
2022-10-28,2.3475412296230824,1.4021222139918925,1.2570927719488902
2022-10-31,2.3440279444098673,1.3919942940357255,1.2499547190919924
2022-11-01,2.341692287408657,1.3859031250941576,1.2476004927707793
2022-11-02,2.340492248541879,1.3511221900136143,1.2279727268193343
2022-11-03,2.3361035672474264,1.3372098159814723,1.2185707604536695
2022-11-04,2.3386720337617555,1.3564564681400624,1.2290425366935245
2022-11-07,2.336602492698635,1.369431739258175,1.2345330918435427
2022-11-08,2.33888099596622,1.3768204353115918,1.2406300455116939
2022-11-09,2.3426087234008253,1.3484550509505786,1.2258723140877557
2022-11-10,2.355321833949385,1.4225582660027598,1.2768202353686187
2022-11-11,2.3547014191802798,1.4363264703562262,1.283864674788439
2022-11-14,2.352631798889822,1.424108090053233,1.2758750982997145
2022-11-15,2.354909847513193,1.4362543855165113,1.2861693544257118
2022-11-16,2.355158974523764,1.42529748990551,1.2834661140398442
2022-11-17,2.3522199620376005,1.420936357113325,1.2789520709162745
2022-11-18,2.3495708713945804,1.4273879502523357,1.2816989291662073
2022-11-21,2.3489506080588223,1.4221978418053167,1.2785855855895771
2022-11-22,2.350648884625915,1.4413363667043348,1.2915470365566684
2022-11-23,2.352636914190336,1.4504190564872774,1.29950541716376
2022-11-25,2.3528860472117192,1.4500946747093153,1.2994370993510762
2022-11-28,2.353424971250783,1.4269554412151781,1.2861477237964176
2022-11-29,2.352514901853437,1.4245045566705328,1.2829826941962266
2022-11-30,2.359429190881366,1.469377369287386,1.3112306075513496
2022-12-01,2.3708790450913115,1.4682960966943042,1.3150071161570098
2022-12-01,2.382384447079865,1.4672156197786603,1.318794501581108
2022-12-02,2.3853169766890416,1.4655228726108305,1.320068915568982
2022-12-05,2.3492507254678174,1.4391592358665586,1.3016726305668638
2022-12-06,2.3449706636166967,1.4184140790845385,1.2919474182517523
2022-12-07,2.3430533677740306,1.4160010139726955,1.295231558982798
2022-12-08,2.3607366515668686,1.427093910307719,1.2997603673560763
2022-12-09,2.3525831967134536,1.4164332047388777,1.2908480985591364
2022-12-12,2.351124309986059,1.4368542184465432,1.3021188874349683
2022-12-13,2.383081860077024,1.4477310193982875,1.3115120044582513
2022-12-14,2.382865580854731,1.4384749338201974,1.3076411838995305
2022-12-15,2.325186704959628,1.4032874022640178,1.2892139017452373
2022-12-16,2.320359238583893,1.3867971635762801,1.2787780233386883
2022-12-19,2.3154837783806026,1.3750375925646916,1.2691312277136741
2022-12-20,2.319839871792521,1.3769191239264704,1.2667285218172473
2022-12-21,2.344568668811618,1.3975074190206576,1.2794879182300392
2022-12-22,2.323104932929419,1.3775704232440238,1.268379798020177
2022-12-23,2.3245588834913193,1.3854945649411736,1.271002777280743
2022-12-27,2.340076101762714,1.380030887332475,1.2643110266707336
2022-12-28,2.310628334534423,1.3628800053034453,1.2539994383972592
2022-12-29,2.3497579660901287,1.387412279598205,1.2694027537889951
2022-12-30,2.3186521176160384,1.3837577667607805,1.264999731880712
2023-02-01,2.341531242746251,1.3984641079151532,1.2766274022037296
2023-02-02,2.333363798941353,1.4188214968275072,1.2883356143579296
2023-02-03,2.30263183282947,1.4037406886533241,1.2751597369984191
2023-02-06,2.2743898599210066,1.3951619896464593,1.2676735865152473
2023-02-07,2.2889840287575174,1.4134087462637575,1.2767528620352828
2023-02-08,2.279954913595101,1.3979534710694097,1.2690977507794576
2023-02-09,2.287074023482058,1.385834356599619,1.260501572247117
2023-02-10,2.271591953730864,1.3890683899551692,1.2600732180922236
2023-02-13,2.292478059661503,1.405374726559208,1.2704848143511445
2023-02-14,2.29291345487928,1.4047279198882396,1.2683322381906703
2023-02-15,2.2785143292418337,1.4092896090422984,1.269823589344556
2023-02-16,2.2726258020588292,1.3898854089082882,1.2572121205427718
2023-02-17,2.264399184679412,1.3864130783577977,1.2565106120804816
2023-02-21,2.2378241362554094,1.3586003914990732,1.2366682502242081
2023-02-22,2.226075477883575,1.3567280563982491,1.2369704922695068
2023-02-23,2.2372254422526057,1.3639450571500336,1.2426975508263984
2023-02-24,2.1940072833410755,1.3493748858212402,1.231883109601237
2023-02-27,2.2133868842739837,1.3539706174318706,1.2353643498211888
2023-02-28,2.1974792403527528,1.3489663763445032,1.2325740492710375
2023-03-01,2.1977429250663385,1.3437919229756938,1.2269190583840002
2023-03-02,2.207190543871645,1.3542429570830286,1.2316273834669456
2023-03-03,2.244314551316035,1.3759620442504632,1.2473661408858845
2023-03-06,2.2416125373985194,1.376915233029161,1.2466511143811765
2023-03-07,2.2078126718909887,1.355808910076123,1.2345159765052582
2023-03-08,2.219458754881896,1.3580216697405403,1.2352142526896952
2023-03-09,2.1950295132478077,1.3329664218481942,1.2233305486777817
2023-03-10,2.168851342736391,1.3137324339956262,1.2184421677443382
2023-03-13,2.165355887658448,1.3118600988951563,1.2212758142677145
2023-03-14,2.2019000917199314,1.333545143606373,1.2305226834898415
2023-03-15,2.1630280110143945,1.3252047417944481,1.2308126112467137
2023-03-16,2.205214344429776,1.3484557394991137,1.2418353446827501
2023-03-17,2.184740683942792,1.332749244593504,1.236271216863131
2023-03-20,2.2091265516702654,1.3455644697716833,1.2414157598757554
2023-03-21,2.241775317691786,1.363232393550499,1.2496927718857216
2023-03-22,2.225603522418341,1.3399941185606916,1.2417175861504128
2023-03-23,2.235486895999679,1.3436165555442854,1.244926680885433
2023-03-24,2.2341813170710108,1.352433430466898,1.2506748760910358
2023-03-27,2.2418371470323684,1.3549623015688728,1.2466837491441216
2023-03-28,2.2380250011846563,1.351920821459856,1.2442497367747827
2023-03-29,2.2701020368381295,1.37157083339966,1.2557044513791957
2023-03-30,2.2946941123703595,1.379601707844737,1.2606737300061908
2023-03-31,2.316041306249169,1.3990466761815825,1.2737759618227538
2023-04-03,2.329448227467338,1.404377809855671,1.2788960217301204
2023-04-03,2.343035356556482,1.409729258067319,1.2840366621903005
2023-04-04,2.3604709347451736,1.4019079106811734,1.2816660694395208
2023-04-05,2.329561017175606,1.3982373660744114,1.2813923968655294
2023-04-06,2.3403535919919927,1.4036917267517228,1.2839326648682918
2023-04-10,2.328569072709566,1.4051325012702982,1.2811952454805406
2023-04-11,2.3275798076909204,1.405509846977612,1.2817099405363879
2023-04-12,2.3235354935138033,1.39978105305865,1.2791918177587325
2023-04-13,2.398053752752538,1.4183739051784157,1.2891816656053081
2023-04-14,2.3649242369706265,1.41490918550298,1.2847626050847787
2023-04-17,2.3585121805210405,1.419986200472978,1.2849435813800876
2023-04-18,2.3707468506996,1.4209124126635924,1.2861740299652007
2023-04-19,2.35933781967574,1.4206722835772818,1.2852644301046656
2023-04-20,2.348352559675109,1.4129195445014597,1.2833955903117127
2023-04-21,2.344005796195599,1.4140172774677056,1.283115344679646
2023-04-24,2.3468564516470716,1.4154923561416206,1.2859368718511064
2023-04-25,2.295938301179216,1.3930231344834105,1.276892478015636
2023-04-26,2.300556185398201,1.3871228197884615,1.27176101496168
2023-04-27,2.372365654495714,1.4147376647269934,1.2851171260237504
2023-04-28,2.3868343143491755,1.4268127273585416,1.2943344993094998
2023-06-01,2.410724996601569,1.4403688994961374,1.303276864965815
2023-06-02,2.4384197780513044,1.4611982823770697,1.3118359626971625
2023-06-05,2.436418913190789,1.4583982669735485,1.3102741872290433
2023-06-06,2.43925469982171,1.4615738941995966,1.312627285072319
2023-06-07,2.4167886864430286,1.4565202078612662,1.3071237706843268
2023-06-08,2.437896194157635,1.4653300124241604,1.3146508683623812
2023-06-09,2.4443281841528117,1.4679592951811427,1.3148345688555012
2023-06-12,2.474581982555055,1.4812764416133009,1.3229039930508528
2023-06-13,2.4920004365587602,1.4910423489968838,1.3256567807657165
2023-06-14,2.5013547872975046,1.4928179685211715,1.3270925533515008
2023-06-15,2.5318109349338083,1.511325387409104,1.3406562661980501
2023-06-16,2.520060015833679,1.5061978318839888,1.3362385690413388
2023-06-20,2.510963656675796,1.49838339813179,1.333059302729981
2023-06-21,2.4889885762072277,1.4907060597087445,1.329828882961023
2023-06-22,2.5065845514116134,1.4960870513714752,1.3299543248927472
2023-06-23,2.4850870120607116,1.4847766867301067,1.3254963942983904
2023-06-26,2.4650571258235128,1.4787102184226693,1.3228944885408251
2023-06-27,2.4985612772368513,1.4949217410750852,1.3305744952206884
2023-06-28,2.5013136915538974,1.4956757653843682,1.3325490908260171
2023-06-29,2.5048167080286454,1.5015708645305403,1.3315869049937337
2023-06-30,2.538181557071854,1.5192904358018764,1.3422687340318622
2023-07-03,2.5423010233982715,1.521038401246284,1.3425635169136492
2023-07-05,2.5400078659037977,1.5187763283180813,1.3389440163929238
2023-07-06,2.5202993592302345,1.5068833085286946,1.3291796473830948
2023-07-07,2.5130660907095748,1.5030789131494602,1.327276376527716
2023-07-10,2.517099294826809,1.5068833085286948,1.3307770203742812
2023-07-11,2.531603430503321,1.516479981557767,1.3370169048816398
2023-07-12,2.5567164944622287,1.5286814658372183,1.347826621281535
2023-07-13,2.5865015490535646,1.5408144024524466,1.3576078069116084
2023-07-14,2.585285641906533,1.5398547351494334,1.3545069306391435
2023-07-17,2.6004745663900737,1.5452014529800528,1.3579373386090348
2023-07-18,2.6205576475550565,1.5566831867823325,1.3644346729674857
2023-07-19,2.623683929229634,1.5601448438390368,1.3679236838828785
2023-07-20,2.5884627142340553,1.5497941465006817,1.3596433590765011
2023-07-21,2.585215628136139,1.5497941465006817,1.360032145984826
2023-07-24,2.5936593329573783,1.5567174606144443,1.3626781968915591
2023-07-25,2.605026611348114,1.5609674158128968,1.3642973218056527
2023-07-26,2.601642342147324,1.5612073326387388,1.3662105463028198
2023-07-27,2.5889060113779716,1.5508566353003836,1.3560926223860976
2023-07-28,2.6232049507307247,1.5660399429855631,1.3661796065492993
2023-07-31,2.626658613577387,1.569021766390938,1.3684125408496928
2023-08-01,2.6169062351338583,1.5645318943666437,1.3624465040543858
2023-08-02,2.569326260989509,1.5427680108905855,1.3497795865047426
2023-08-03,2.5637490615652907,1.5383466865305138,1.3438234310941342
2023-08-04,2.55481099088165,1.53138909858464,1.3446052417793457
2023-08-07,2.567375526820931,1.544755893160835,1.3517583703727296
2023-08-08,2.5480881900973307,1.538038222040449,1.3495173976362613
2023-08-09,2.523692340450545,1.5277560723666705,1.3444941243765365
2023-08-10,2.5211289350441475,1.5283044536825772,1.3412907719538598
2023-08-11,2.51390871410002,1.5274133340441407,1.3391513499037921
2023-08-14,2.5273316508877723,1.535844696776823,1.3431963395945656
2023-08-15,2.497486479480328,1.5179537563442218,1.3323531337823546
2023-08-16,2.4691471373310536,1.5068147608644722,1.3252066114003889
2023-08-17,2.441170935562433,1.4953330270618386,1.3185928672551552
2023-08-18,2.445473520765815,1.4960527775390104,1.3201345786850756
2023-08-21,2.4653662718651503,1.5057865458968824,1.3226373319852784
2023-08-22,2.4600656148297935,1.501707959859695,1.321043908500931
2023-08-23,2.4931250691972675,1.5184335899959063,1.3349209020768191
2023-08-24,2.448307384640086,1.4973894569966655,1.3225986469403785
2023-08-25,2.4633683345153328,1.5079457973283972,1.327862212959977
2023-08-28,2.483414224796436,1.517508196525004,1.334077924526845
2023-08-29,2.528736210787125,1.539443449162681,1.3490917075635205
2023-08-30,2.5407277875271705,1.5457841081280714,1.3522024695789647
2023-08-31,2.542841894182415,1.5435220351998686,1.3517985950813982
2023-09-01,2.546248732750941,1.546401037108555,1.3505209518836205
2023-09-01,2.5487677086582097,1.5492854089775019,1.349244516241574
2023-09-05,2.5381935932269313,1.5425895457104053,1.3428235872796226
2023-09-06,2.499753820586085,1.5322195420863518,1.3369012475647273
2023-09-07,2.4761302765557827,1.5275152689192084,1.336119595573227
2023-09-08,2.483329625420128,1.5298158988621113,1.337606157317369
2023-09-11,2.526380651292206,1.5398768626432153,1.3422698077362714
2023-09-12,2.4872004449174923,1.5314297735983413,1.338020308158148
2023-09-13,2.4982611869574933,1.5332153371363284,1.339739301944284
2023-09-14,2.5404030613600335,1.5464353748687647,1.345943481130544
2023-09-15,2.468873326066503,1.5278695281588306,1.3350106655846525
2023-09-18,2.4726470525536186,1.5287654978395309,1.3362633053462734
2023-09-19,2.462234155709948,1.5255951435848811,1.3330356138006663
2023-09-20,2.4065559401802377,1.511569772044877,1.325402945367244
2023-09-21,2.3234744361420896,1.4865860021029236,1.3086429032031999
2023-09-22,2.3174620831326087,1.4832433459865737,1.309089557705863
2023-09-25,2.337930928734422,1.4894806733789236,1.3082607513681939
2023-09-26,2.268583201633481,1.4675983369472236,1.2960628353138794
2023-09-27,2.2739129898851793,1.4681841632767212,1.2945567229793198
2023-09-28,2.3049499413098964,1.4766958752433752,1.3006047090450363
2023-09-29,2.2995854394999062,1.4731119965205735,1.2982133853044218
2023-11-01,2.3032840606795744,1.4888223731452204,1.3122392097116313
2023-11-02,2.3035285983726266,1.5173546714994928,1.330487092655687
2023-11-03,2.3097459758300127,1.5311981199602975,1.3410108239146585
2023-11-06,2.3054397379484066,1.5347206259302697,1.3401849174354172
2023-11-07,2.307106284225951,1.539088533332542,1.3453337472094664
2023-11-08,2.3064975217778945,1.5402157352427588,1.3477527870650863
2023-11-09,2.303044762173345,1.528203989886238,1.3369409802359737
2023-11-10,2.3035736708514167,1.5520513553011253,1.3507136990965776
2023-11-13,2.3043869530958183,1.5505719027935125,1.3498836778689067
2023-11-14,2.3134474274143035,1.5806541037748767,1.3723786482558795
2023-11-15,2.3091416477623072,1.5840004844459696,1.370717295895953
2023-11-16,2.31308294489547,1.585937862729291,1.374738955928732
2023-11-17,2.311336667959663,1.587910466072171,1.376864000307278
2023-11-20,2.3115810187561294,1.600133561787129,1.3840904431870715
2023-11-21,2.312962809893851,1.596646280877078,1.382860908622926
2023-11-22,2.3132071250388444,1.6028106663240758,1.3865855939370657
2023-11-24,2.311460964279033,1.603796967995697,1.3845445645710632
2023-11-27,2.3142644210654226,1.6009085131003125,1.3861914715367598
2023-11-28,2.3184894971796535,1.6024936407866004,1.3894486817360767
2023-11-29,2.3229987702214556,1.6013664388763835,1.3915801641331065
2023-11-30,2.3215369048221377,1.60767172456234,1.3930234253243323
2023-12-01,2.3584024075892085,1.6171824906804309,1.4028514414667286
2023-12-01,2.396468661015848,1.6267495211905434,1.4127487959271596
2023-12-04,2.3738535344558094,1.6182100606240868,1.4061398263425458
2023-12-05,2.3691444982508734,1.6178911596068764,1.4097053859135091
2023-12-06,2.347297502880079,1.6113714054815367,1.4077487076414539
2023-12-07,2.398997599431571,1.623666811359576,1.414367246123307
2023-12-08,2.4227205843518878,1.6306472002872692,1.4151688487006169
2023-12-11,2.452327209468229,1.6369897871809067,1.4185299481027123
2023-12-12,2.4790740818077697,1.6444662443575129,1.4241153097353825
2023-12-13,2.5615856804688866,1.667143650011059,1.4430491671099048
2023-12-14,2.5882519263652943,1.6724941004075997,1.4504753844111875
2023-12-15,2.591990743687557,1.6697518103255422,1.4476994223453257
2023-12-18,2.6182858690734996,1.6791442309662152,1.451411909779969
2023-12-19,2.65927016419136,1.6893549306775768,1.4574147986456876
2023-12-20,2.577469588797798,1.6659450337780104,1.4474255589291458
2023-12-21,2.6390325074539422,1.6817413775825134,1.455601676216994
2023-12-22,2.654740125648815,1.6851212259191717,1.456592029700221
2023-12-26,2.6906243719678105,1.69223669610161,1.4614613980915885
2023-12-27,2.702561553317541,1.6952963482798395,1.4667657937380705
2023-12-28,2.6981234217563945,1.6959367405963321,1.4658030757193576
2023-12-29,2.6657932843938976,1.6910270661703763,1.4621367242281893
2024-02-01,2.698237624217195,1.7131594615030095,1.4769430654277296
2024-02-02,2.7338449844204216,1.7311945621300682,1.480861923547706
2024-02-05,2.726535488457744,1.724891031813689,1.4727536664012544
2024-02-06,2.7287614978281574,1.7298988364539953,1.4783958576166085
2024-02-07,2.7537164554045357,1.744326916955499,1.4845892352388583
2024-02-08,2.7565224744466255,1.7450973484385401,1.48316405515935
2024-02-09,2.7771279143540166,1.7551829969444592,1.4881249067350497
2024-02-12,2.771795444900777,1.754412565461418,1.4878549223480555
2024-02-13,2.731441200520278,1.730249032582683,1.4700744030199593
2024-02-14,2.75830013375445,1.7459728387602593,1.4807035349985576
2024-02-15,2.772724783699992,1.7580195855869734,1.4882351880094453
2024-02-16,2.7540920884923055,1.7492646823697802,1.4818938800693227
2024-02-20,2.736511403234082,1.7396342888312266,1.4775482479459714
2024-02-21,2.7332830827935193,1.7412101714103214,1.4765878173429823
2024-02-22,2.799687826525897,1.7772453530514265,1.4954106586811253
2024-02-23,2.797282116310622,1.7784710395018337,1.4982498982040142
2024-02-26,2.7906867037868905,1.7719573915084572,1.4936645735294165
2024-02-27,2.7964674356369814,1.7752492351179785,1.4945298258730997
2024-02-28,2.7880055906775563,1.7729029210558427,1.4945156222468827
2024-02-29,2.803826411900237,1.7792764905978875,1.4987234285773663
2024-03-01,2.8673577404445214,1.795980845935861,1.510036605034955
2024-03-01,2.9322024077526336,1.8128420265276564,1.5214351794780026
2024-03-04,2.921910430117294,1.8108978652434373,1.5189586245374078
2024-03-05,2.850767151617997,1.7927994911071383,1.5131601000632202
2024-03-06,2.886842440233454,1.8018840265620562,1.5186887515905012
2024-03-07,2.949477508860733,1.8197703103766576,1.5290359820935058
2024-03-08,2.91153099082077,1.808847658798188,1.5240900779204172
2024-03-11,2.8859192914569274,1.8072923297709576,1.522621383727477
2024-03-12,2.9273436913965454,1.8267339426127895,1.5308978116351395
2024-03-13,2.919832362012674,1.8238707232667941,1.5283323207002433
2024-03-14,2.871892770434078,1.8202651877943141,1.5226412404870966
2024-03-15,2.8431450896394526,1.807804658687279,1.5163246262145709
2024-03-18,2.8575594749546416,1.8185487265450528,1.521107035338761
2024-03-19,2.881233548493538,1.8286545329456603,1.5276842017435195
2024-03-20,2.96203865792714,1.8455684615531451,1.5374191207821244
2024-03-21,3.002457757674362,1.8516674043632917,1.5409092796440613
2024-03-22,2.9691211558949906,1.8481569663505064,1.5411160222584452
2024-03-25,2.9625969947865567,1.8430508746953482,1.5374270112822213
2024-03-26,2.9492948878332217,1.8396468135919095,1.5363530965351562
2024-03-27,3.020265578372516,1.855106924436513,1.546111865833494
2024-03-28,3.0238238550546885,1.8547523347383286,1.5451777333351346
2024-05-01,3.0290968905305964,1.8487296917931944,1.54434011556253
2024-05-02,3.041261045247333,1.8660216973045947,1.555795207008544
2024-05-03,3.061746537887302,1.8891516021123593,1.5705523116681552
2024-05-06,3.0935635952929528,1.9086605314071081,1.580740771591332
2024-05-07,3.089378085130722,1.910766609001421,1.5831010417717413
2024-05-08,3.0856106881926806,1.9109513526501907,1.5818799200297202
2024-05-09,3.11655628391627,1.9219620741083303,1.5885319111952745
2024-05-10,3.1296141418745496,1.9244376389998052,1.5884418302432903
2024-05-13,3.114807883248036,1.9246962801079317,1.5889000206835862
2024-05-14,3.1342069513930757,1.9335270265124016,1.5949901877044899
2024-05-15,3.1735755759371607,1.9574698033742244,1.6110696801673912
2024-05-16,3.164500522670327,1.9534423918339905,1.6083514895876905
2024-05-17,3.18937885934461,1.9562504952933262,1.6076843649253203
2024-05-20,3.1969168673414003,1.958504367806353,1.60819764595018
2024-05-21,3.1993407711291284,1.9633077026705892,1.6117618242597356
2024-05-22,3.16887284376757,1.957654547022617,1.6081785507317203
2024-05-23,3.1285416641848323,1.9433553886189447,1.5993352858274608
2024-05-24,3.141575990906697,1.9562135465632706,1.606413918186755
2024-05-28,3.156904973476937,1.9575806495632597,1.6040935674425802
2024-05-29,3.131638107752638,1.9438726708351974,1.5948843250850553
2024-05-30,3.1222360958281477,1.9309775641611928,1.5915342184918966
2024-05-31,3.1306277372383953,1.9485651595103979,1.6022830037604827
2024-06-03,3.1598807657283663,1.9501539548884583,1.6069301676949952
2024-06-03,3.189131834275867,1.951744045717554,1.6115908099804503
2024-06-04,3.187908933312074,1.9539257982505516,1.6150025309546339
2024-06-05,3.2901622337948884,1.9771485201285215,1.628514126053122
2024-06-06,3.2991253948523473,1.9771115412720752,1.6286963864172888
2024-06-07,3.244461351673547,1.9747079156000198,1.6217608034786029
2024-06-10,3.275830553727104,1.9808094269212744,1.6242302643253932
2024-06-11,3.3068740140816995,1.985579699408938,1.6287980145094976
2024-06-12,3.369716568604312,2.001887375122694,1.6399182844011517
2024-06-13,3.3804353491350243,2.0059180704802912,1.6452018324340596
2024-06-14,3.417578479419763,2.0071383727445427,1.6464750951509175
2024-06-17,3.467851994139499,2.0231132387499007,1.651983668829765
2024-06-18,3.4797497546573015,2.028253299802409,1.6568723323340582
2024-06-20,3.465464397539727,2.0227434501846786,1.6530211415508422
2024-06-21,3.4308801686578345,2.0200403845242323,1.651763388986387
2024-06-24,3.3908247648783547,2.0134739826572856,1.6490825024100952
2024-06-25,3.4302678222419165,2.0212275306246887,1.6528252856297585
2024-06-26,3.4265267303710605,2.0237502160874974,1.6510895187481869
2024-06-27,3.4547678177672783,2.0269406712320497,1.6537363068683815
2024-06-28,3.428983852823109,2.018964533370858,1.646576854380314
2024-08-01,3.3065591291575314,1.9903740514255541,1.635336141827366
2024-08-01,3.1876732213182124,1.962188438235671,1.6241721664266267
2024-08-02,3.065532960182748,1.9256555472931747,1.6132964485360346
2024-08-05,2.908435266217826,1.869573404125847,1.584590830481427
2024-08-06,2.9380793927530786,1.886809990653383,1.589562805150916
2024-08-07,2.896056838832697,1.8741987355211738,1.5812739399220592
2024-08-08,3.028915404710653,1.9175250819500735,1.6022518042500062
2024-08-09,3.0442206819101107,1.9259807659070753,1.608752303350286
2024-08-12,3.062644199916857,1.9269925571498723,1.6103582833620436
2024-08-13,3.144562013530401,1.958683304287529,1.6288321756383677
2024-08-14,3.128036713797671,1.9648624579483303,1.6330866629198535
2024-08-15,3.2352049006206114,1.998540652170118,1.647146171959525
2024-08-16,3.283614516714921,2.0030214419595938,1.6509451035922373
2024-08-19,3.3357113939084413,2.0221732047679675,1.661141893086074
2024-08-20,3.3178455123461115,2.01888488322897,1.6615099470497063
2024-08-21,3.348763834419184,2.02582288032196,1.6661919536706353
2024-08-22,3.276357893818078,2.0099233036507536,1.6556327145783833
2024-08-23,3.3805757932023948,2.0312793259524025,1.6692246130010293
2024-08-26,3.368602604229546,2.026437182147931,1.666240835083443
2024-08-27,3.3679752402966416,2.029219608065346,1.667812145699092
2024-08-28,3.31750813943601,2.017439467168252,1.6614067195363482
2024-08-29,3.3358713048826916,2.0176201441755657,1.6606373863568076
2024-08-30,3.3673398546392623,2.0368803131886954,1.6685623984687552
2024-10-01,3.3962089697774798,2.018633023712678,1.6613555976993097
2024-10-02,3.422987471810745,2.0194850372288715,1.6603977450531537
2024-10-03,3.405427860316677,2.015792978657858,1.655880846172964
2024-10-04,3.4136795894019767,2.0341112692603445,1.6606302369085009
2024-10-07,3.417814337903461,2.015721977531388,1.6493631641210356
2024-10-08,3.3691720057355905,2.0347857799607243,1.6598483754604856
2024-10-09,3.3508109014957723,2.0488795035443967,1.6650165565393047
2024-10-10,3.3682363514715763,2.045293946663088,1.6628667895191886
2024-10-11,3.399959352711088,2.0575416409610736,1.6690419758472748
2024-10-14,3.391047623201019,2.074368907909861,1.6766280930459256
2024-10-15,3.3696897710848783,2.0582516522246883,1.671510465608106
2024-10-16,3.3901368444047337,2.0671977941468827,1.6767404139699094
2024-10-17,3.4003080315471985,2.0673752969626964,1.6735384151175512
2024-10-18,3.4353871431856877,2.0753274231157586,1.6778719406918836
2024-10-21,3.4254635571397944,2.0719193690502635,1.6715654612859998
2024-10-22,3.444802327996537,2.0708188515914263,1.6711680499688342
2024-10-23,3.4115514511668508,2.0518970514150294,1.6603154097594626
2024-10-24,3.425292775309308,2.056334621812892,1.6637495918398952
2024-10-25,3.428301123136677,2.0556246105492773,1.662057614114764
2024-10-28,3.434325136309994,2.0619792113589357,1.664061459058119
2024-10-29,3.452722270419756,2.065316264298322,1.6664211687786654
2024-10-30,3.4508926760381047,2.059068165178007,1.6627199193081021
2024-10-31,3.409642927545184,2.0187040248387857,1.6430281045787565
2024-11-01,3.4250959618715724,2.027224160002884,1.6445863179957807
2024-11-01,3.440171539736839,2.0357802552197297,1.64614600918975
2024-11-04,3.451704404355625,2.031395256420943,1.6467812332493075
2024-11-05,3.5340343013375097,2.0559583797721332,1.6602726231674434
2024-11-06,3.6905679534852647,2.1070810486917537,1.6798439411113981
2024-11-07,3.7324713949909074,2.1233732800004033,1.692732338081256
2024-11-08,3.7501268298310233,2.132571082358349,1.6983023838689109
2024-11-11,3.7466534037420987,2.134603154972015,1.697756080220592
2024-11-12,3.6692829822549835,2.127972181179195,1.69065308595263
2024-11-13,3.621031369694434,2.129006042684603,1.6910074995519626
2024-11-14,3.562260375182346,2.1153162903378675,1.6842065176272814
2024-11-15,3.487330531690882,2.088221988818339,1.671332081304643
2024-11-18,3.5395132480590625,2.0967780840351846,1.6760569580380502
2024-11-19,3.5864005616016996,2.1044429193334127,1.680693280298787
2024-11-20,3.602218866335124,2.1051559272680893,1.6803481743739224
2024-11-21,3.67459663873306,2.1164571030336394,1.6854169097980345
2024-11-22,3.761869696807994,2.123016776032883,1.6890339717355136
2024-11-25,3.7521053048541777,2.1302181561735893,1.6985500640140516
2024-11-26,3.747371901291144,2.141341079955199,1.7028387887155574
2024-11-27,3.7486480668284896,2.1348527077491695,1.7016092899944262
2024-11-29,3.7932604711959144,2.1481146553351715,1.7106381237438029
2025-01-02,3.8137335276588242,2.142836732348969,1.7081869130768668
2025-01-03,3.8287022866755644,2.1696295219522073,1.7202967599010237
2025-01-06,3.847660014710582,2.182127936801193,1.7255319541810414
2025-01-07,3.825255659901522,2.15746097728979,1.7114020611426395
2025-01-08,3.835943308023208,2.1606130701841577,1.7136836774114428
2025-01-10,3.8253697985369035,2.12762605152104,1.6941489401210936
2025-01-13,3.7997966596642145,2.130924753387463,1.695089216604715
2025-01-14,3.808202837204085,2.133856932824118,1.6967009128798334
2025-01-15,3.8654518252357795,2.1726716581177192,1.7210937447183252
2025-01-16,3.865889167499343,2.1684933024204476,1.7206027013064533
2025-01-17,3.887097708970201,2.190264734738024,1.730967497512682
2025-01-21,3.92900450899549,2.2103135116363615,1.7427602822560644
2025-01-22,3.9637625592030554,2.2227386219993193,1.7469895117322485
2025-01-23,3.964926706187126,2.234870514418909,1.7515581061811092
2025-01-24,3.966585708870556,2.2283464151720906,1.7496476435338868
2025-01-27,3.889086627463243,2.1968254862276715,1.7386936484942885
2025-01-28,3.934291147247347,2.2157013913514203,1.747443449272039
2025-01-29,3.922877828771786,2.2057686335093227,1.7423132337150427
2025-01-30,3.9614239985566146,2.217607307985172,1.748925103668761
2025-01-31,3.9625675524609547,2.205805285752522,1.741906930543095
2025-02-03,3.962147320875384,2.1909611273539893,1.7355338285402888
2025-02-04,4.0049771242852215,2.2056586767804665,1.743805259314239
2025-02-05,4.027081328347329,2.2146018240624885,1.7517734086223444
2025-02-06,4.029113228986438,2.222298795083895,1.7547104804983227
2025-02-07,4.01285768276354,2.201956800241818,1.742847879502423
2025-02-10,4.072945589477199,2.2169109153688367,1.7501641773870993
2025-02-11,4.06009059763033,2.218596918545247,1.7493830000065433
2025-02-12,4.063521706912484,2.211449731168121,1.7423327259416364
2025-02-13,4.110938358510831,2.2347972099328812,1.7575471440602348
2025-02-14,4.08132563147988,2.234687253204025,1.7600952876971698
2025-02-18,4.125338515233625,2.241248004693672,1.7603853468114485
2025-02-19,4.127096767748434,2.2465259276798744,1.7638857367863174
2025-02-20,4.121242190308201,2.2371796057252564,1.7605687383953696
2025-02-21,4.084434218630633,2.1989146640763066,1.7455314602789767
2025-02-24,4.078176313491457,2.1889086017485524,1.741976620778689
2025-02-25,4.025291910490107,2.178022885589579,1.7411075540161662
2025-02-26,4.032811183143041,2.17912245287851,1.7427627922271502
2025-02-27,3.9509184771217716,2.144339474310496,1.7250154411179675
2025-02-28,3.961215618732584,2.177802972131867,1.7442398731432447
2025-03-03,3.9950949808760137,2.1396479872117733,1.7274101563285296
2025-03-04,3.987381163830043,2.1143212873268626,1.7133998523781304
2025-03-05,3.975344574235012,2.137045677961686,1.7220931595298425
2025-03-06,3.9586392668885217,2.0991106064989333,1.7030528229335384
2025-03-07,3.9531824498490558,2.1108759764887552,1.7079499521031383
2025-03-10,3.9568092436063647,2.0546514357901042,1.6839193594947461
2025-03-11,3.96544675120677,2.0375714905712514,1.673134851895072
2025-03-12,3.96195007895051,2.0483839022438266,1.6764909723317158
2025-03-13,4.0142956692916085,2.0210779812395074,1.6651310068161904
2025-03-14,4.004288380482488,2.062824885969764,1.6844150708526295
2025-03-17,4.025043366155896,2.078731959414029,1.6930997195499304
2025-03-18,4.05024946833723,2.0562641344801174,1.682808053574932
2025-03-19,4.069015204797606,2.0786586549280015,1.6957859901521077
2025-03-20,4.06772018304377,2.072647687082635,1.6932556452195868
2025-03-21,4.039286168431562,2.0733276888161223,1.692766827824267
2025-03-24,4.00939996150289,2.1104577460113956,1.7083498729884738
2025-03-25,4.017840327309669,2.115530961746779,1.7114390993735602
2025-03-26,4.002793327056672,2.0902751703674665,1.6975112718360785
2025-03-27,4.023393182026205,2.084724043004436,1.6944607413123556
2025-03-28,4.0661968292897415,2.0427413446708416,1.6779224437727387
2025-03-31,4.1153129531036905,2.0564537321299707,1.6859721407182033
2025-04-01,4.114256935452456,2.062262196523215,1.6913191341501341
2025-04-02,4.111195388842682,2.075312860190789,1.696989062353984
2025-04-03,4.126589925918851,1.973039771955621,1.6503824716490059
2025-04-04,4.124027085369316,1.8575322078885985,1.5930094233596217
2025-04-07,4.124457089891555,1.8542235889304495,1.5832345930595153
2025-04-08,4.121894366415543,1.8251812669657124,1.5650668661791216
2025-04-09,4.1193317252467985,2.016860591932755,1.6650940619654038
2025-04-10,4.118764241674618,1.9284837033209965,1.61607840798266
2025-04-11,4.111214128378998,1.9628933404844833,1.6327142069689582
2025-04-14,4.1201230815281,1.9819362807092107,1.6460541764807968
2025-04-15,4.120054354222362,1.9763851533465515,1.6446370419555545
2025-04-16,4.1254717190240235,1.932454046070701,1.6247878493112649
2025-04-17,4.126899088533383,1.9352112285356393,1.6245228568883217
2025-04-21,4.12433665905846,1.8891479001536238,1.597404687746415
2025-04-22,4.125763996672442,1.9382992728967268,1.6235235003339679
2025-04-23,4.122702966122749,1.968334180548797,1.6402170832842635
2025-04-24,4.12762113746119,2.009765442389553,1.6645582119401874
2025-04-25,4.13104309070269,2.0242866033717357,1.6742142789406824
2025-04-28,4.136958318148813,2.0250586144620075,1.6764312053916628
2025-04-29,4.139382668797617,2.0378151786665852,1.6843952348460898
2025-04-30,4.144798903745535,2.038623952189639,1.6841845116605727
2025-05-01,4.085535504065943,2.0530715883062585,1.6895173754045882
2025-05-01,4.024668098807384,2.0676216141692234,1.6948671253243852
2025-05-02,4.057932527203898,2.098313653457825,1.7066563698925084
2025-05-05,4.1231154059475355,2.0862811893219444,1.6995996162521256
2025-05-06,4.183388768184977,2.0688433720662784,1.6927447920503544
2025-05-07,4.145751105621184,2.077543769210868,1.6980521971784066
2025-05-08,4.088138691728572,2.0920197491404857,1.701622644729488
2025-05-09,4.115053074568355,2.089354095547453,1.701018677067002
2025-05-12,4.058099568249397,2.1584019282049973,1.7324504858002565
2025-05-13,4.068441495699833,2.17265577033532,1.7386037704336192
2025-05-14,4.011810769229618,2.1754324928281865,1.7379363109786903
2025-05-15,4.073753747669644,2.1860580842345763,1.746969213457455
2025-05-16,4.051932751406525,2.199904673732423,1.7540380246438136
2025-05-19,4.098903136782949,2.2023111665596735,1.754973750227839
2025-05-20,4.148070610166632,2.1949065732454867,1.7502110629589196
2025-05-21,4.149375414261314,2.1579206296395466,1.727918271260056
2025-05-22,4.131776010650412,2.1587721578706125,1.73032621061492
2025-05-23,4.183483429058362,2.1440370171748397,1.724237715867997
2025-05-27,4.178038842328606,2.1886126689281475,1.748867190850088
2025-05-28,4.146652950969669,2.1759508143601227,1.741507431406491
2025-05-29,4.172640001796528,2.184540142604878,1.748204150177596
2025-05-30,4.166489323369846,2.18209662681114,1.7487458551665471
2025-07-01,4.151504036360154,2.1813902752287446,1.7477677701105436
2025-07-02,4.1745936294286325,2.1912791973861854,1.751672471910535
2025-07-03,4.203874045376903,2.208549493582783,1.7585355989836218
2025-07-07,4.1574098888204585,2.192091501706153,1.748172688497156
2025-07-08,4.172173320748565,2.190890704015797,1.7473130465819136
2025-07-09,4.182352385719895,2.204028843453819,1.75652161574733
2025-07-10,4.185411320740835,2.210244737381455,1.7592798907840217
2025-07-11,4.173587525936907,2.20247486997191,1.752638813777978
2025-07-14,4.183846900976514,2.206677661888867,1.7545739592332121
2025-07-15,4.2016208031396145,2.1972478682598404,1.7479992723583266
2025-07-16,4.214083538112256,2.204593924719806,1.7525071341701672
2025-07-17,4.242834922829665,2.218085239949026,1.7592284041280373
2025-07-18,4.235822820472209,2.2164606313090904,1.7597487075032219
2025-07-21,4.260707949640706,2.220663423226047,1.7636879204321259
2025-07-22,4.251627557696522,2.220981281438054,1.7652018643209721
2025-07-23,4.283449235985982,2.239876186274942,1.772636379490967
2025-07-24,4.275408661509376,2.240617855436883,1.772555983213042
2025-07-25,4.27334594101065,2.2500829666447446,1.7782028731772255
2025-07-28,4.264484133025915,2.2495178853787574,1.776995705165021
2025-07-29,4.262222562575227,2.2435845320839376,1.7780150928357372
2025-07-30,4.248331621617734,2.240759125753291,1.774657087343898
2025-07-31,4.224773082945897,2.2323535419193776,1.7710228888089141
2025-08-01,4.063457657381403,2.1957645299363127,1.7597135585336032
2025-08-01,3.9083014700507985,2.159775223946388,1.7484764469473246
2025-08-04,4.0512543519145785,2.1926033071130506,1.7649866751696457
2025-08-05,4.018036579654871,2.181486919162157,1.759831102642025
2025-08-06,4.087325542465393,2.198196239800549,1.767635164959781
2025-08-07,4.095283661826647,2.1963550880460843,1.766176702515895
2025-08-08,4.157219523408941,2.2134812732325906,1.7730857368046162
2025-08-11,4.139040486537833,2.209104195477036,1.7714837926358227
2025-08-12,4.265210962481447,2.232622303734869,1.7827993152890789
2025-08-13,4.30651383905074,2.2402648204508897,1.789053849305475
2025-08-14,4.282267244263663,2.240473252724947,1.7871372765984448
2025-08-15,4.248612290152178,2.235227707160761,1.783544647785732
2025-08-18,4.25202957929758,2.234741365187844,1.7825186418411876
2025-08-19,4.164937806605348,2.2226175545794145,1.7780871335303972
2025-08-20,4.1266447957976915,2.2167119734806553,1.775683429982417
2025-08-21,4.100763035147109,2.20781886312029,1.769760369624173
2025-08-22,4.263607248273572,2.241723846369291,1.79000582811137
2025-08-25,4.223199606246891,2.2318580520634406,1.7841986678011874
2025-08-26,4.264163487698867,2.241202765684322,1.7895437822331342
2025-08-27,4.287798491415812,2.246309356398904,1.7927106281851488
2025-08-28,4.326871564098718,2.2542645215261854,1.797384978278046
2025-08-29,4.251495789074809,2.2408206398486086,1.790014991923084
2025-10-01,4.269997376630255,2.248456208091824,1.7954975475289647
2025-10-02,4.27377705313963,2.251046246659087,1.797527107202789
2025-10-03,4.2963398629310525,2.2510126097946124,1.7967223662682306
2025-10-06,4.344243541545692,2.259085457276676,1.7990102623504087
2025-10-07,4.3364286501583775,2.2507098780140016,1.7962321710037532
2025-10-08,4.3878995010668245,2.264130986952965,1.802730546773501
2025-10-09,4.326210526806635,2.2575717983739576,1.7987329390853022
2025-10-10,4.260144327632314,2.196554526154823,1.7725127597830639
2025-10-13,4.374563880135476,2.2302586643927067,1.7901726627214947
2025-10-14,4.367687681542355,2.2275340783675444,1.789999139491931
2025-10-15,4.441179170288425,2.2374233165329365,1.7944830254830848
2025-10-16,4.504517828752342,2.2221858169106437,1.7897155305800032
2025-10-17,4.464958882721833,2.234799641101536,1.7948195868401677
2025-10-20,4.572639146688693,2.2580427144769426,1.8072286907889574
2025-10-21,4.409820042213865,2.258009077612468,1.807927352070307
2025-10-22,4.407773291755192,2.2462698118989337,1.8022163244068619
2025-10-23,4.4368603303996865,2.259590010244473,1.8073465667584145
2025-10-24,4.445677351094951,2.2780566488597263,1.816924454932454
2025-10-27,4.415153476901388,2.3049325036021293,1.830288789667466
2025-10-28,4.39965472963426,2.3110544129429638,1.8336395596803736
2025-10-29,4.405546250163984,2.3121644294716464,1.8306915488646618
2025-10-30,4.420718007200276,2.2867349599030122,1.8172306257403594
2025-10-31,4.40399644577675,2.2942359806883283,1.8203736542320885
2025-11-03,4.414366912649151,2.2985414993454962,1.8215322567883632
2025-11-03,4.424761866369049,2.3028550980306397,1.82269159675362
2025-11-04,4.262392051783263,2.2755581063516424,1.8100925954707028
2025-11-05,4.353822638306198,2.283443903947662,1.8119040829110742
2025-11-06,4.255388858860376,2.258944011415917,1.8029248484780196
2025-11-07,4.2801188053478425,2.2611682107380453,1.8037021876660388
2025-11-10,4.45913711611965,2.29645209998248,1.8203014496811636
2025-11-11,4.467836237779108,2.301709298380052,1.824982618686522
2025-11-12,4.517943500977156,2.3029898979897516,1.8253011767136964
2025-11-13,4.359557745412061,2.264774109638952,1.8049465600793075
2025-11-14,4.304668550687395,2.264403409751649,1.8039039631478075
2025-11-17,4.194080709344034,2.2433072161823135,1.7939646904399704
2025-11-18,4.193126496879076,2.224468921924799,1.7853562062859964
2025-11-19,4.214214843218349,2.233062419305393,1.789494484972903
2025-11-20,4.106577384874742,2.199025429680626,1.773987157141068
2025-11-21,4.18489264139941,2.220930423003616,1.7862894397059519
2025-11-24,4.348991032812953,2.2536194130389586,1.803487220605935
2025-11-25,4.4169578486209,2.2748167065777123,1.8148121524425724
2025-11-26,4.491976688280212,2.290520901790365,1.8234815466235805
2025-11-28,4.574956602536133,2.3030235979794447,1.8284421376220195
